dataset,student,depth,k,threshold,n_shared,wrong_to_right,right_to_wrong,kept_right,kept_wrong,rate_wrong_to_right,rate_right_to_wrong,utility,baseline_accuracy,condition_accuracy,delta_accuracy,accuracy,accuracy_answered,mean_retrieved,pct_fallback_baseline,mcnemar_p
arc,phi4-mini,simple,1,0.0,298,17,28,229,24,0.057,0.094,-0.0369,0.8624,0.8255,-0.0369,0.8255,0.8255,1.0,0.0,0.1351564508456704
arc,phi4-mini,simple,1,0.52,298,20,26,231,21,0.0671,0.0872,-0.0201,0.8624,0.8423,-0.0201,0.8423,0.8423,0.9966442953020134,0.003355704697986577,0.4613911821367651
arc,phi4-mini,simple,1,0.65,298,17,23,234,24,0.057,0.0772,-0.0201,0.8624,0.8423,-0.0201,0.8423,0.8451,0.7315436241610739,0.2684563758389262,0.42959050784338615
arc,phi4-mini,simple,1,0.69,298,11,21,236,30,0.0369,0.0705,-0.0336,0.8624,0.8289,-0.0336,0.8289,0.8316,0.47651006711409394,0.5234899328859061,0.11018416518345475
arc,phi4-mini,simple,1,0.73,298,7,11,246,34,0.0235,0.0369,-0.0134,0.8624,0.849,-0.0134,0.849,0.849,0.24161073825503357,0.7583892617449665,0.480682373046875
arc,phi4-mini,simple,2,0.0,298,19,24,233,22,0.0638,0.0805,-0.0168,0.8624,0.8456,-0.0168,0.8456,0.8456,2.0,0.0,0.542384011856484
arc,phi4-mini,simple,2,0.52,298,22,25,232,19,0.0738,0.0839,-0.0101,0.8624,0.8523,-0.0101,0.8523,0.8523,1.9932885906040267,0.003355704697986577,0.7708669945730263
arc,phi4-mini,simple,2,0.65,298,15,23,234,26,0.0503,0.0772,-0.0268,0.8624,0.8356,-0.0268,0.8356,0.8356,1.2651006711409396,0.2684563758389262,0.2558750795433298
arc,phi4-mini,simple,2,0.69,298,11,17,240,30,0.0369,0.057,-0.0201,0.8624,0.8423,-0.0201,0.8423,0.8423,0.714765100671141,0.5234899328859061,0.34492845088243484
arc,phi4-mini,simple,2,0.73,298,9,10,247,32,0.0302,0.0336,-0.0034,0.8624,0.8591,-0.0034,0.8591,0.8591,0.3187919463087248,0.7583892617449665,1.0
arc,phi4-mini,simple,3,0.0,298,23,29,228,18,0.0772,0.0973,-0.0201,0.8624,0.8423,-0.0201,0.8423,0.8451,3.0,0.0,0.48845566937989204
arc,phi4-mini,simple,3,0.52,298,24,31,226,17,0.0805,0.104,-0.0235,0.8624,0.8389,-0.0235,0.8389,0.8389,2.98993288590604,0.003355704697986577,0.4187541882690154
arc,phi4-mini,simple,3,0.65,298,16,24,233,25,0.0537,0.0805,-0.0268,0.8624,0.8356,-0.0268,0.8356,0.8356,1.6778523489932886,0.2684563758389262,0.26818725105476915
arc,phi4-mini,simple,3,0.69,298,9,17,240,32,0.0302,0.057,-0.0268,0.8624,0.8356,-0.0268,0.8356,0.8356,0.8355704697986577,0.5234899328859061,0.16863754391670227
arc,phi4-mini,simple,3,0.73,298,7,17,240,34,0.0235,0.057,-0.0336,0.8624,0.8289,-0.0336,0.8289,0.8289,0.35570469798657717,0.7583892617449665,0.06391465663909912
arc,phi4-mini,complex,1,0.0,298,21,24,233,20,0.0705,0.0805,-0.0101,0.8624,0.8523,-0.0101,0.8523,0.8523,1.0,0.0,0.765991824244793
arc,phi4-mini,complex,1,0.52,298,23,30,227,18,0.0772,0.1007,-0.0235,0.8624,0.8389,-0.0235,0.8389,0.8446,0.9966442953020134,0.003355704697986577,0.4101027163746913
arc,phi4-mini,complex,1,0.65,298,16,24,233,25,0.0537,0.0805,-0.0268,0.8624,0.8356,-0.0268,0.8356,0.8356,0.7315436241610739,0.2684563758389262,0.26818725105476915
arc,phi4-mini,complex,1,0.69,298,13,15,242,28,0.0436,0.0503,-0.0067,0.8624,0.8557,-0.0067,0.8557,0.8557,0.47651006711409394,0.5234899328859061,0.8505540192127228
arc,phi4-mini,complex,1,0.73,298,9,13,244,32,0.0302,0.0436,-0.0134,0.8624,0.849,-0.0134,0.849,0.8519,0.24161073825503357,0.7583892617449665,0.5234670639038086
arc,phi4-mini,complex,2,0.0,298,24,26,231,17,0.0805,0.0872,-0.0067,0.8624,0.8557,-0.0067,0.8557,0.8557,2.0,0.0,0.887724827340783
arc,phi4-mini,complex,2,0.52,298,21,28,229,20,0.0705,0.094,-0.0235,0.8624,0.8389,-0.0235,0.8389,0.8418,1.9932885906040267,0.003355704697986577,0.3916029105474905
arc,phi4-mini,complex,2,0.65,298,15,22,235,26,0.0503,0.0738,-0.0235,0.8624,0.8389,-0.0235,0.8389,0.8389,1.2651006711409396,0.2684563758389262,0.3240086000878364
arc,phi4-mini,complex,2,0.69,298,13,16,241,28,0.0436,0.0537,-0.0101,0.8624,0.8523,-0.0101,0.8523,0.8523,0.714765100671141,0.5234899328859061,0.711071103811264
arc,phi4-mini,complex,2,0.73,298,6,11,246,35,0.0201,0.0369,-0.0168,0.8624,0.8456,-0.0168,0.8456,0.8456,0.3187919463087248,0.7583892617449665,0.332305908203125
arc,phi4-mini,complex,3,0.0,298,23,24,233,18,0.0772,0.0805,-0.0034,0.8624,0.8591,-0.0034,0.8591,0.8591,3.0,0.0,1.0
arc,phi4-mini,complex,3,0.52,298,23,26,231,18,0.0772,0.0872,-0.0101,0.8624,0.8523,-0.0101,0.8523,0.8552,2.98993288590604,0.003355704697986577,0.7754496546815659
arc,phi4-mini,complex,3,0.65,298,20,23,234,21,0.0671,0.0772,-0.0101,0.8624,0.8523,-0.0101,0.8523,0.8523,1.6778523489932886,0.2684563758389262,0.7607916425613439
arc,phi4-mini,complex,3,0.69,298,12,15,242,29,0.0403,0.0503,-0.0101,0.8624,0.8523,-0.0101,0.8523,0.8523,0.8355704697986577,0.5234899328859061,0.7011080384254456
arc,phi4-mini,complex,3,0.73,298,9,16,241,32,0.0302,0.0537,-0.0235,0.8624,0.8389,-0.0235,0.8389,0.8389,0.35570469798657717,0.7583892617449665,0.2295229434967041
arc,llama3-8b,simple,1,0.0,298,12,18,234,34,0.0403,0.0604,-0.0201,0.8456,0.8255,-0.0201,0.8255,0.8255,1.0,0.0,0.36159460805356514
arc,llama3-8b,simple,1,0.52,298,13,23,229,33,0.0436,0.0772,-0.0336,0.8456,0.8121,-0.0336,0.8121,0.8148,0.9966442953020134,0.003355704697986577,0.13249816396273675
arc,llama3-8b,simple,1,0.65,298,11,19,233,35,0.0369,0.0638,-0.0268,0.8456,0.8188,-0.0268,0.8188,0.8215,0.7315436241610739,0.2684563758389262,0.20048842206597334
arc,llama3-8b,simple,1,0.69,298,6,15,237,40,0.0201,0.0503,-0.0302,0.8456,0.8154,-0.0302,0.8154,0.8182,0.47651006711409394,0.5234899328859061,0.0783538818359375
arc,llama3-8b,simple,1,0.73,298,4,10,242,42,0.0134,0.0336,-0.0201,0.8456,0.8255,-0.0201,0.8255,0.8283,0.24161073825503357,0.7583892617449665,0.1795654296875
arc,llama3-8b,simple,2,0.0,298,19,21,231,27,0.0638,0.0705,-0.0067,0.8456,0.8389,-0.0067,0.8389,0.8475,2.0,0.0,0.8746293123804207
arc,llama3-8b,simple,2,0.52,298,16,21,231,30,0.0537,0.0705,-0.0168,0.8456,0.8289,-0.0168,0.8289,0.8345,1.9932885906040267,0.003355704697986577,0.5113757815852296
arc,llama3-8b,simple,2,0.65,298,11,16,236,35,0.0369,0.0537,-0.0168,0.8456,0.8289,-0.0168,0.8289,0.8373,1.2651006711409396,0.2684563758389262,0.44206833839416504
arc,llama3-8b,simple,2,0.69,298,7,15,237,39,0.0235,0.0503,-0.0268,0.8456,0.8188,-0.0268,0.8188,0.8215,0.714765100671141,0.5234899328859061,0.13380050659179688
arc,llama3-8b,simple,2,0.73,298,4,7,245,42,0.0134,0.0235,-0.0101,0.8456,0.8356,-0.0101,0.8356,0.8384,0.3187919463087248,0.7583892617449665,0.548828125
arc,llama3-8b,simple,3,0.0,298,15,26,226,31,0.0503,0.0872,-0.0369,0.8456,0.8087,-0.0369,0.8087,0.8114,3.0,0.0,0.11727520595741225
arc,llama3-8b,simple,3,0.52,298,16,25,227,30,0.0537,0.0839,-0.0302,0.8456,0.8154,-0.0302,0.8154,0.8182,2.98993288590604,0.003355704697986577,0.21102359760880063
arc,llama3-8b,simple,3,0.65,298,11,13,239,35,0.0369,0.0436,-0.0067,0.8456,0.8389,-0.0067,0.8389,0.8418,1.6778523489932886,0.2684563758389262,0.8388197422027588
arc,llama3-8b,simple,3,0.69,298,7,11,241,39,0.0235,0.0369,-0.0134,0.8456,0.8322,-0.0134,0.8322,0.835,0.8355704697986577,0.5234899328859061,0.480682373046875
arc,llama3-8b,simple,3,0.73,298,4,7,245,42,0.0134,0.0235,-0.0101,0.8456,0.8356,-0.0101,0.8356,0.8384,0.35570469798657717,0.7583892617449665,0.548828125
arc,llama3-8b,complex,1,0.0,298,16,17,235,30,0.0537,0.057,-0.0034,0.8456,0.8423,-0.0034,0.8423,0.8423,1.0,0.0,1.0
arc,llama3-8b,complex,1,0.52,298,17,17,235,29,0.057,0.057,0.0,0.8456,0.8456,0.0,0.8456,0.8456,0.9966442953020134,0.003355704697986577,1.0
arc,llama3-8b,complex,1,0.65,298,16,14,238,30,0.0537,0.047,0.0067,0.8456,0.8523,0.0067,0.8523,0.8552,0.7315436241610739,0.2684563758389262,0.8555355519056321
arc,llama3-8b,complex,1,0.69,298,10,11,241,36,0.0336,0.0369,-0.0034,0.8456,0.8423,-0.0034,0.8423,0.8451,0.47651006711409394,0.5234899328859061,1.0
arc,llama3-8b,complex,1,0.73,298,8,7,245,38,0.0268,0.0235,0.0034,0.8456,0.849,0.0034,0.849,0.8519,0.24161073825503357,0.7583892617449665,1.0
arc,llama3-8b,complex,2,0.0,298,12,22,230,34,0.0403,0.0738,-0.0336,0.8456,0.8121,-0.0336,0.8121,0.8148,2.0,0.0,0.12144948495551944
arc,llama3-8b,complex,2,0.52,298,14,22,230,32,0.047,0.0738,-0.0268,0.8456,0.8188,-0.0268,0.8188,0.8188,1.9932885906040267,0.003355704697986577,0.24298495403490966
arc,llama3-8b,complex,2,0.65,298,11,15,237,35,0.0369,0.0503,-0.0134,0.8456,0.8322,-0.0134,0.8322,0.835,1.2651006711409396,0.2684563758389262,0.557197093963623
arc,llama3-8b,complex,2,0.69,298,10,10,242,36,0.0336,0.0336,0.0,0.8456,0.8456,0.0,0.8456,0.8485,0.714765100671141,0.5234899328859061,1.0
arc,llama3-8b,complex,2,0.73,298,5,8,244,41,0.0168,0.0268,-0.0101,0.8456,0.8356,-0.0101,0.8356,0.8384,0.3187919463087248,0.7583892617449665,0.5810546875
arc,llama3-8b,complex,3,0.0,298,13,35,217,33,0.0436,0.1174,-0.0738,0.8456,0.7718,-0.0738,0.7718,0.7718,3.0,0.0,0.0020881073339964478
arc,llama3-8b,complex,3,0.52,298,15,35,217,31,0.0503,0.1174,-0.0671,0.8456,0.7785,-0.0671,0.7785,0.7785,2.98993288590604,0.003355704697986577,0.006600447966810918
arc,llama3-8b,complex,3,0.65,298,14,23,229,32,0.047,0.0772,-0.0302,0.8456,0.8154,-0.0302,0.8154,0.8182,1.6778523489932886,0.2684563758389262,0.18774155899882317
arc,llama3-8b,complex,3,0.69,298,10,13,239,36,0.0336,0.0436,-0.0101,0.8456,0.8356,-0.0101,0.8356,0.8384,0.8355704697986577,0.5234899328859061,0.6776394844055176
arc,llama3-8b,complex,3,0.73,298,5,9,243,41,0.0168,0.0302,-0.0134,0.8456,0.8322,-0.0134,0.8322,0.835,0.35570469798657717,0.7583892617449665,0.4239501953125
logiqa2,phi4-mini,simple,1,0.0,300,32,34,126,108,0.1067,0.1133,-0.0067,0.5333,0.5267,-0.0067,0.5267,0.5284,1.0,0.0,0.9021585000966994
logiqa2,phi4-mini,simple,1,0.53,300,32,34,126,108,0.1067,0.1133,-0.0067,0.5333,0.5267,-0.0067,0.5267,0.5284,1.0,0.0,0.9021585000966994
logiqa2,phi4-mini,simple,1,0.65,300,26,32,128,114,0.0867,0.1067,-0.02,0.5333,0.5133,-0.02,0.5133,0.5133,0.7333333333333333,0.26666666666666666,0.5118423084381691
logiqa2,phi4-mini,simple,1,0.67,300,22,20,140,118,0.0733,0.0667,0.0067,0.5333,0.54,0.0067,0.54,0.54,0.5166666666666667,0.48333333333333334,0.8776143287523154
logiqa2,phi4-mini,simple,1,0.7,300,20,14,146,120,0.0667,0.0467,0.02,0.5333,0.5533,0.02,0.5533,0.5533,0.2633333333333333,0.7366666666666667,0.39152830513194203
logiqa2,phi4-mini,simple,2,0.0,300,33,35,125,107,0.11,0.1167,-0.0067,0.5333,0.5267,-0.0067,0.5267,0.5302,2.0,0.0,0.9035973456835127
logiqa2,phi4-mini,simple,2,0.53,300,31,34,126,109,0.1033,0.1133,-0.01,0.5333,0.5233,-0.01,0.5233,0.5286,2.0,0.0,0.8043170001933984
logiqa2,phi4-mini,simple,2,0.65,300,24,24,136,116,0.08,0.08,0.0,0.5333,0.5333,0.0,0.5333,0.5333,1.27,0.26666666666666666,1.0
logiqa2,phi4-mini,simple,2,0.67,300,17,20,140,123,0.0567,0.0667,-0.01,0.5333,0.5233,-0.01,0.5233,0.5233,0.8566666666666667,0.48333333333333334,0.7428293587290682
logiqa2,phi4-mini,simple,2,0.7,300,13,16,144,127,0.0433,0.0533,-0.01,0.5333,0.5233,-0.01,0.5233,0.5268,0.39666666666666667,0.7366666666666667,0.711071103811264
logiqa2,phi4-mini,simple,3,0.0,300,31,34,126,109,0.1033,0.1133,-0.01,0.5333,0.5233,-0.01,0.5233,0.5233,3.0,0.0,0.8043170001933984
logiqa2,phi4-mini,simple,3,0.53,300,27,40,120,113,0.09,0.1333,-0.0433,0.5333,0.49,-0.0433,0.49,0.49,2.993333333333333,0.0,0.1420713794263756
logiqa2,phi4-mini,simple,3,0.65,300,27,21,139,113,0.09,0.07,0.02,0.5333,0.5533,0.02,0.5533,0.5533,1.6866666666666668,0.26666666666666666,0.470879013621712
logiqa2,phi4-mini,simple,3,0.67,300,25,17,143,115,0.0833,0.0567,0.0267,0.5333,0.56,0.0267,0.56,0.56,1.1133333333333333,0.48333333333333334,0.27995623852893914
logiqa2,phi4-mini,simple,3,0.7,300,17,20,140,123,0.0567,0.0667,-0.01,0.5333,0.5233,-0.01,0.5233,0.5251,0.45,0.7366666666666667,0.7428293587290682
logiqa2,phi4-mini,complex,1,0.0,300,35,34,126,105,0.1167,0.1133,0.0033,0.5333,0.5367,0.0033,0.5367,0.5385,1.0,0.0,1.0
logiqa2,phi4-mini,complex,1,0.53,300,32,44,116,108,0.1067,0.1467,-0.04,0.5333,0.4933,-0.04,0.4933,0.4966,1.0,0.0,0.20673684180839247
logiqa2,phi4-mini,complex,1,0.65,300,25,32,128,115,0.0833,0.1067,-0.0233,0.5333,0.51,-0.0233,0.51,0.5117,0.7333333333333333,0.26666666666666666,0.42704285650325524
logiqa2,phi4-mini,complex,1,0.67,300,19,23,137,121,0.0633,0.0767,-0.0133,0.5333,0.52,-0.0133,0.52,0.5235,0.5166666666666667,0.48333333333333334,0.6439689563703723
logiqa2,phi4-mini,complex,1,0.7,300,15,19,141,125,0.05,0.0633,-0.0133,0.5333,0.52,-0.0133,0.52,0.5217,0.2633333333333333,0.7366666666666667,0.6075913612730801
logiqa2,phi4-mini,complex,2,0.0,300,29,32,128,111,0.0967,0.1067,-0.01,0.5333,0.5233,-0.01,0.5233,0.5304,2.0,0.0,0.7981526273057179
logiqa2,phi4-mini,complex,2,0.53,300,29,36,124,111,0.0967,0.12,-0.0233,0.5333,0.51,-0.0233,0.51,0.5134,2.0,0.0,0.45702078541058977
logiqa2,phi4-mini,complex,2,0.65,300,19,23,137,121,0.0633,0.0767,-0.0133,0.5333,0.52,-0.0133,0.52,0.5217,1.27,0.26666666666666666,0.6439689563703723
logiqa2,phi4-mini,complex,2,0.67,300,18,22,138,122,0.06,0.0733,-0.0133,0.5333,0.52,-0.0133,0.52,0.5217,0.8566666666666667,0.48333333333333334,0.6358280026288412
logiqa2,phi4-mini,complex,2,0.7,300,13,18,142,127,0.0433,0.06,-0.0167,0.5333,0.5167,-0.0167,0.5167,0.5184,0.39666666666666667,0.7366666666666667,0.47312965989112854
logiqa2,phi4-mini,complex,3,0.0,300,30,33,127,110,0.1,0.11,-0.01,0.5333,0.5233,-0.01,0.5233,0.5251,3.0,0.0,0.8013064925040663
logiqa2,phi4-mini,complex,3,0.53,300,33,34,126,107,0.11,0.1133,-0.0033,0.5333,0.53,-0.0033,0.53,0.5318,2.993333333333333,0.0,1.0
logiqa2,phi4-mini,complex,3,0.65,300,27,26,134,113,0.09,0.0867,0.0033,0.5333,0.5367,0.0033,0.5367,0.5385,1.6866666666666668,0.26666666666666666,1.0
logiqa2,phi4-mini,complex,3,0.67,300,21,21,139,119,0.07,0.07,0.0,0.5333,0.5333,0.0,0.5333,0.5333,1.1133333333333333,0.48333333333333334,1.0
logiqa2,phi4-mini,complex,3,0.7,300,15,17,143,125,0.05,0.0567,-0.0067,0.5333,0.5267,-0.0067,0.5267,0.5267,0.45,0.7366666666666667,0.860050065908581
logiqa2,llama3-8b,simple,1,0.0,300,25,35,130,110,0.0833,0.1167,-0.0333,0.55,0.5167,-0.0333,0.5167,0.5219,1.0,0.0,0.2450608330229457
logiqa2,llama3-8b,simple,1,0.53,300,25,37,128,110,0.0833,0.1233,-0.04,0.55,0.51,-0.04,0.51,0.5152,1.0,0.0,0.16188140552559763
logiqa2,llama3-8b,simple,1,0.65,300,22,28,137,113,0.0733,0.0933,-0.02,0.55,0.53,-0.02,0.53,0.5354,0.7333333333333333,0.26666666666666666,0.47988766169832786
logiqa2,llama3-8b,simple,1,0.67,300,19,19,146,116,0.0633,0.0633,0.0,0.55,0.55,0.0,0.55,0.5518,0.5166666666666667,0.48333333333333334,1.0
logiqa2,llama3-8b,simple,1,0.7,300,11,11,154,124,0.0367,0.0367,0.0,0.55,0.55,0.0,0.55,0.5518,0.2633333333333333,0.7366666666666667,1.0
logiqa2,llama3-8b,simple,2,0.0,300,28,38,127,107,0.0933,0.1267,-0.0333,0.55,0.5167,-0.0333,0.5167,0.5184,2.0,0.0,0.2678116648465871
logiqa2,llama3-8b,simple,2,0.53,300,28,38,127,107,0.0933,0.1267,-0.0333,0.55,0.5167,-0.0333,0.5167,0.5184,2.0,0.0,0.2678116648465871
logiqa2,llama3-8b,simple,2,0.65,300,25,29,136,110,0.0833,0.0967,-0.0133,0.55,0.5367,-0.0133,0.5367,0.5421,1.27,0.26666666666666666,0.6834892282353371
logiqa2,llama3-8b,simple,2,0.67,300,23,18,147,112,0.0767,0.06,0.0167,0.55,0.5667,0.0167,0.5667,0.5686,0.8566666666666667,0.48333333333333334,0.5327092552361137
logiqa2,llama3-8b,simple,2,0.7,300,15,11,154,120,0.05,0.0367,0.0133,0.55,0.5633,0.0133,0.5633,0.5652,0.39666666666666667,0.7366666666666667,0.557197093963623
logiqa2,llama3-8b,simple,3,0.0,300,32,36,129,103,0.1067,0.12,-0.0133,0.55,0.5367,-0.0133,0.5367,0.5421,3.0,0.0,0.716300760154337
logiqa2,llama3-8b,simple,3,0.53,300,31,34,131,104,0.1033,0.1133,-0.01,0.55,0.54,-0.01,0.54,0.5436,2.993333333333333,0.0,0.8043170001933984
logiqa2,llama3-8b,simple,3,0.65,300,22,28,137,113,0.0733,0.0933,-0.02,0.55,0.53,-0.02,0.53,0.5354,1.6866666666666668,0.26666666666666666,0.47988766169832786
logiqa2,llama3-8b,simple,3,0.67,300,21,18,147,114,0.07,0.06,0.01,0.55,0.56,0.01,0.56,0.56,1.1133333333333333,0.48333333333333334,0.7492586247608418
logiqa2,llama3-8b,simple,3,0.7,300,17,10,155,118,0.0567,0.0333,0.0233,0.55,0.5733,0.0233,0.5733,0.5753,0.45,0.7366666666666667,0.24778856337070465
logiqa2,llama3-8b,complex,1,0.0,300,34,35,130,101,0.1133,0.1167,-0.0033,0.55,0.5467,-0.0033,0.5467,0.5503,1.0,0.0,1.0
logiqa2,llama3-8b,complex,1,0.53,300,33,35,130,102,0.11,0.1167,-0.0067,0.55,0.5433,-0.0067,0.5433,0.547,1.0,0.0,0.9035973456835127
logiqa2,llama3-8b,complex,1,0.65,300,28,31,134,107,0.0933,0.1033,-0.01,0.55,0.54,-0.01,0.54,0.5418,0.7333333333333333,0.26666666666666666,0.794843653982861
logiqa2,llama3-8b,complex,1,0.67,300,22,18,147,113,0.0733,0.06,0.0133,0.55,0.5633,0.0133,0.5633,0.5671,0.5166666666666667,0.48333333333333334,0.6358280026288412
logiqa2,llama3-8b,complex,1,0.7,300,14,12,153,121,0.0467,0.04,0.0067,0.55,0.5567,0.0067,0.5567,0.5585,0.2633333333333333,0.7366666666666667,0.8450189828872681
logiqa2,llama3-8b,complex,2,0.0,300,24,35,130,111,0.08,0.1167,-0.0367,0.55,0.5133,-0.0367,0.5133,0.5151,2.0,0.0,0.19252645776146274
logiqa2,llama3-8b,complex,2,0.53,300,24,38,127,111,0.08,0.1267,-0.0467,0.55,0.5033,-0.0467,0.5033,0.5067,2.0,0.0,0.09795444051950736
logiqa2,llama3-8b,complex,2,0.65,300,22,29,136,113,0.0733,0.0967,-0.0233,0.55,0.5267,-0.0233,0.5267,0.5284,1.27,0.26666666666666666,0.4010619910279374
logiqa2,llama3-8b,complex,2,0.67,300,15,21,144,120,0.05,0.07,-0.02,0.55,0.53,-0.02,0.53,0.5318,0.8566666666666667,0.48333333333333334,0.4050322461407632
logiqa2,llama3-8b,complex,2,0.7,300,17,14,151,118,0.0567,0.0467,0.01,0.55,0.56,0.01,0.56,0.5619,0.39666666666666667,0.7366666666666667,0.720100131817162
logiqa2,llama3-8b,complex,3,0.0,300,30,45,120,105,0.1,0.15,-0.05,0.55,0.5,-0.05,0.5,0.5034,3.0,0.0,0.10534226887460482
logiqa2,llama3-8b,complex,3,0.53,300,32,42,123,103,0.1067,0.14,-0.0333,0.55,0.5167,-0.0333,0.5167,0.5184,2.993333333333333,0.0,0.29541328065567
logiqa2,llama3-8b,complex,3,0.65,300,24,26,139,111,0.08,0.0867,-0.0067,0.55,0.5433,-0.0067,0.5433,0.5433,1.6866666666666668,0.26666666666666666,0.887724827340783
logiqa2,llama3-8b,complex,3,0.67,300,20,20,145,115,0.0667,0.0667,0.0,0.55,0.55,0.0,0.55,0.5518,1.1133333333333333,0.48333333333333334,1.0
logiqa2,llama3-8b,complex,3,0.7,300,14,14,151,121,0.0467,0.0467,0.0,0.55,0.55,0.0,0.55,0.5518,0.45,0.7366666666666667,1.0
