model,dataset,depth,pool,n_rows_calibration,n_questions_calibration,threshold,threshold_ci_low,threshold_ci_high,threshold_identification_rate,confident_help_threshold,confident_harm_region_start,status
mistral-7b,aqua,complex,all,564,141,0.299996640086174,0.299996640086174,0.9103627719283105,0.701,,,identified
mistral-7b,aqua,complex,errors,421,141,0.2999970614910126,0.2999970614910126,0.8792282285019747,0.813,,,identified
mistral-7b,aqua,complex,correct,143,95,,0.2999961543083191,0.8795954450964927,0.595,,0.40763602259755133,no_crossing
mistral-7b,aqua,simple,all,564,141,0.8934081571549177,0.299996640086174,0.9357946940883994,0.801,,0.6984300872609019,identified
mistral-7b,aqua,simple,errors,421,141,0.8903508358448742,0.2999970614910126,0.9331300948560235,0.818,,,identified
mistral-7b,aqua,simple,correct,143,95,,0.2999961543083191,0.8795954450964927,0.515,,0.40763602259755133,no_crossing
mistral-7b,arc,complex,all,708,177,,0.29880037605762483,0.6723163332045079,0.201,,0.6118946342542768,no_crossing
mistral-7b,arc,complex,errors,158,108,,0.29939706027507784,0.7046864045783876,0.662,,,no_crossing
mistral-7b,arc,complex,correct,550,175,,0.2986698913574219,0.5096051742322742,0.271,,0.6315745554864406,no_crossing
mistral-7b,arc,simple,all,708,177,,0.29880037605762483,0.4361224191263318,0.143,,0.5404871718585491,no_crossing
mistral-7b,arc,simple,errors,158,108,,0.29939706027507784,0.7046864045783876,0.34,,0.5587822406291961,no_crossing
mistral-7b,arc,simple,correct,550,175,,0.2986698913574219,0.45479069936275474,0.233,,0.5684374640136957,no_crossing
mistral-7b,gsm8k,complex,all,2260,565,0.299953248500824,0.299953248500824,0.6728244955901054,0.978,,,identified
mistral-7b,gsm8k,complex,errors,1478,560,0.2999545407295227,0.2999545407295227,0.6717285568714142,0.99,,,identified
mistral-7b,gsm8k,complex,correct,782,465,0.29995308339595794,0.29995308339595794,0.6515234849160535,0.97,,,identified
mistral-7b,gsm8k,simple,all,2260,565,0.299953248500824,0.299953248500824,0.5991414450556041,0.91,,,identified
mistral-7b,gsm8k,simple,errors,1478,560,0.59611350274086,0.2999545407295227,0.7221385929584503,0.751,,,identified
mistral-7b,gsm8k,simple,correct,782,465,0.29995308339595794,0.29995308339595794,0.42190356498211623,0.999,0.4283220113813877,,identified
mistral-7b,logiqa2,complex,all,3744,936,0.8341604084521532,0.750205057837069,0.8723219314590096,0.969,,0.299899086356163,identified
mistral-7b,logiqa2,complex,errors,1833,870,0.80105816103518,0.33846121914684774,0.8473178552240133,0.999,0.8473178552240133,0.34617116817831994,identified
mistral-7b,logiqa2,complex,correct,1911,880,,0.29989399313926696,0.8643277963995923,0.268,,0.3444545565545558,no_crossing
mistral-7b,logiqa2,simple,all,3744,936,0.8723219314590096,0.8112634946480394,0.8799542360603809,0.65,,0.299899086356163,identified
mistral-7b,logiqa2,simple,errors,1833,870,0.8396079061925411,0.7547984668463468,0.8781576513499021,0.908,,0.2999114739894867,identified
mistral-7b,logiqa2,simple,correct,1911,880,,0.29989399313926696,0.8643277963995923,0.119,,0.35188131712377063,no_crossing
mistral-7b,openbookqa,complex,all,1109,278,,0.40535482063889505,0.7104008369147777,0.02,,0.29976196885108947,no_crossing
mistral-7b,openbookqa,complex,errors,309,192,,0.3757992290023714,0.7237330740328877,0.072,,0.2997538077831268,no_crossing
mistral-7b,openbookqa,complex,correct,800,277,,0.3397351778246462,0.7338235380873083,0.07,,0.2998055201768875,no_crossing
mistral-7b,openbookqa,simple,all,1112,278,,0.49422589083947244,0.7414838903360068,0.015,,0.2997631937265396,no_crossing
mistral-7b,openbookqa,simple,errors,310,193,,0.5941591565074399,0.7519981841146945,0.18,,0.2997544103860855,no_crossing
mistral-7b,openbookqa,simple,correct,802,277,,0.299806666970253,0.7336874250695109,0.03,,0.299806666970253,no_crossing
phi4-mini,aqua,complex,all,555,141,,0.2999965810775757,0.9256922790408135,0.481,,,no_crossing
phi4-mini,aqua,complex,errors,194,114,0.7718429016396402,0.29999699056148527,0.8463448875993489,0.744,,,identified
phi4-mini,aqua,complex,correct,361,140,0.47805483408272265,0.2999966204166412,0.9189608869701624,0.744,,,identified
phi4-mini,aqua,simple,all,552,141,,0.2999965614080429,0.9257783102244139,0.695,,,no_crossing
phi4-mini,aqua,simple,errors,194,114,,0.29999699056148527,0.8711788829192519,0.621,,0.4241669671609998,no_crossing
phi4-mini,aqua,simple,correct,358,140,0.29999660074710843,0.29999660074710843,0.882403022967465,0.894,,,identified
phi4-mini,arc,complex,all,646,170,0.4088034965097904,0.29882268607616425,0.6382509622769431,0.692,,,identified
phi4-mini,arc,complex,errors,78,65,0.609129626572132,0.2989780557155609,0.6534369938373564,0.779,,,identified
phi4-mini,arc,complex,correct,568,170,0.38945231127738944,0.29886198818683624,0.49448046711049926,0.77,,,identified
phi4-mini,arc,simple,all,646,170,0.29882268607616425,0.29882268607616425,0.49128910433501005,0.761,,,identified
phi4-mini,arc,simple,errors,78,65,0.2989780557155609,0.2989780557155609,0.48605360639095296,0.948,,,identified
phi4-mini,arc,simple,correct,568,170,0.29886198818683624,0.29886198818683624,0.49023404571562956,0.785,,,identified
phi4-mini,gsm8k,complex,all,2260,565,,0.299953248500824,0.5657214869298042,0.126,,0.299953248500824,no_crossing
phi4-mini,gsm8k,complex,errors,252,201,,0.2999526757001877,0.6123468875268475,0.532,,,no_crossing
phi4-mini,gsm8k,complex,correct,2008,565,,0.2999542367458343,0.7507490016363558,0.144,,0.2999542367458343,no_crossing
phi4-mini,gsm8k,simple,all,2260,565,,0.299953248500824,0.7646498091071845,0.303,,0.5673129135072232,no_crossing
phi4-mini,gsm8k,simple,errors,252,201,0.2999526757001877,0.2999526757001877,0.4184521396458149,0.888,,0.5902763623669743,identified
phi4-mini,gsm8k,simple,correct,2008,565,,0.2999542367458343,0.7864349201917646,0.256,,0.607205194711685,no_crossing
phi4-mini,logiqa2,complex,all,2952,841,0.4215023005008698,0.2998984605073929,0.8398955124784258,0.999,0.8623162204772234,,identified
phi4-mini,logiqa2,complex,errors,1639,776,0.4595746931433678,0.2999091327190399,0.8108389260768891,1.0,0.8188222040981055,,identified
phi4-mini,logiqa2,complex,correct,1313,716,0.38676934331655505,0.29988750696182254,0.6380583469271661,0.857,,,identified
phi4-mini,logiqa2,simple,all,3022,844,0.29990037977695466,0.29990037977695466,0.7756050482727589,0.997,,,identified
phi4-mini,logiqa2,simple,errors,1685,788,0.29991161584854126,0.29991161584854126,0.3019291348457318,1.0,0.29991161584854126,,identified
phi4-mini,logiqa2,simple,correct,1337,727,0.3533412289619446,0.29988792181015017,0.438532437235117,0.931,,,identified
phi4-mini,openbookqa,complex,all,1044,268,,0.29979172706604,0.7466635467410087,0.461,,0.38799011252820487,no_crossing
phi4-mini,openbookqa,complex,errors,271,183,0.6554030105471612,0.3969485520422459,0.7265372651815416,0.937,,0.2997317373752594,identified
phi4-mini,openbookqa,complex,correct,773,267,,0.29982051372528074,0.7411663276195526,0.393,,0.4348066004216671,no_crossing
phi4-mini,openbookqa,simple,all,1044,268,,0.5379273678138853,0.7466635467410087,0.415,,0.29979172706604,no_crossing
phi4-mini,openbookqa,simple,errors,271,183,0.6731865742057563,0.41236097387969495,0.7383929742872717,0.764,,0.2997317373752594,identified
phi4-mini,openbookqa,simple,correct,773,267,,0.29982051372528074,0.7458614958524704,0.342,,0.3761169975101948,no_crossing
