dataset,student,content,pool,depth,k,threshold,grid_stage,n_shared,wrong_to_right,right_to_wrong,kept_right,kept_wrong,rate_wrong_to_right,rate_right_to_wrong,utility,baseline_accuracy,condition_accuracy,delta_accuracy,utility_vs_baseline05,accuracy,accuracy_answered,notas_media,pct_reusou_controle,similaridade_media,palavras_prompt,palavras_de_nota,mcnemar_p
arc,phi4-mini,full,all,simple,1,0.0,completa,298,14,26,236,22,0.047,0.0872,-0.0403,0.8792,0.8389,-0.0403,-0.0235,0.8389,0.8418,1.0,0.0,0.69086615691249,283.0,204.0,0.0806904677519924
arc,phi4-mini,full,all,simple,1,0.65,completa,298,7,17,245,29,0.0235,0.057,-0.0336,0.8792,0.8456,-0.0336,-0.0168,0.8456,0.8485,0.7315436241610739,0.2684563758389262,0.7189616560935974,268.0,189.0,0.06391465663909912
arc,phi4-mini,full,all,simple,1,0.7,completa,298,2,8,254,34,0.0067,0.0268,-0.0201,0.8792,0.8591,-0.0201,-0.0034,0.8591,0.862,0.40604026845637586,0.5939597315436241,0.7530822256379877,102.5,23.5,0.109375
arc,phi4-mini,full,all,simple,3,0.0,completa,298,17,23,239,19,0.057,0.0772,-0.0201,0.8792,0.8591,-0.0201,-0.0034,0.8591,0.8591,3.0,0.0,0.6614987100464119,568.5,489.5,0.42959050784338615
arc,phi4-mini,full,all,simple,3,0.65,completa,298,8,18,244,28,0.0268,0.0604,-0.0336,0.8792,0.8456,-0.0336,-0.0168,0.8456,0.8485,1.6778523489932886,0.2684563758389262,0.6987459676437058,399.5,320.5,0.07551869750022888
arc,phi4-mini,full,all,simple,3,0.7,completa,298,2,10,252,34,0.0067,0.0336,-0.0268,0.8792,0.8523,-0.0268,-0.0101,0.8523,0.8552,0.6610738255033557,0.5939597315436241,0.7430726521271319,102.5,23.5,0.03857421875
arc,phi4-mini,full,all,complex,1,0.0,completa,298,17,27,235,19,0.057,0.0906,-0.0336,0.8792,0.8456,-0.0336,-0.0168,0.8456,0.8456,1.0,0.0,0.69086615691249,287.0,208.0,0.17417114727072658
arc,phi4-mini,full,all,complex,1,0.65,completa,298,8,20,242,28,0.0268,0.0671,-0.0403,0.8792,0.8389,-0.0403,-0.0235,0.8389,0.8389,0.7315436241610739,0.2684563758389262,0.7189616560935974,270.5,191.5,0.03569813817739487
arc,phi4-mini,full,all,complex,1,0.7,completa,298,3,13,249,33,0.0101,0.0436,-0.0336,0.8792,0.8456,-0.0336,-0.0168,0.8456,0.8456,0.40604026845637586,0.5939597315436241,0.7530822256379877,102.5,23.5,0.021270751953125
arc,phi4-mini,full,all,complex,3,0.0,completa,298,19,22,240,17,0.0638,0.0738,-0.0101,0.8792,0.8691,-0.0101,0.0067,0.8691,0.8721,3.0,0.0,0.6614987100464119,585.0,506.0,0.755228657504631
arc,phi4-mini,full,all,complex,3,0.65,completa,298,10,13,249,26,0.0336,0.0436,-0.0101,0.8792,0.8691,-0.0101,0.0067,0.8691,0.8691,1.6778523489932886,0.2684563758389262,0.6987459676437058,413.5,334.5,0.6776394844055176
arc,phi4-mini,full,all,complex,3,0.7,completa,298,3,12,250,33,0.0101,0.0403,-0.0302,0.8792,0.849,-0.0302,-0.0134,0.849,0.849,0.6610738255033557,0.5939597315436241,0.7430726521271319,102.5,23.5,0.03515625
arc,phi4-mini,full,errors,simple,1,0.0,completa,298,17,20,242,19,0.057,0.0671,-0.0101,0.8792,0.8691,-0.0101,0.0067,0.8691,0.8721,1.0,0.0,0.6128551586962386,286.0,207.0,0.7428293587290682
arc,phi4-mini,full,errors,simple,1,0.65,completa,298,3,4,258,33,0.0101,0.0134,-0.0034,0.8792,0.8758,-0.0034,0.0134,0.8758,0.8758,0.22483221476510068,0.7751677852348994,0.6982175476515471,88.5,9.5,1.0
arc,phi4-mini,full,errors,simple,1,0.7,completa,298,1,0,262,35,0.0034,0.0,0.0034,0.8792,0.8826,0.0034,0.0201,0.8826,0.8826,0.07718120805369127,0.9228187919463087,0.749514885570692,83.5,4.5,1.0
arc,phi4-mini,full,errors,simple,3,0.0,completa,298,17,21,241,19,0.057,0.0705,-0.0134,0.8792,0.8658,-0.0134,0.0034,0.8658,0.8658,3.0,0.0,0.5815375852971535,585.0,506.0,0.6271025701571489
arc,phi4-mini,full,errors,simple,3,0.65,completa,298,3,3,259,33,0.0101,0.0101,0.0,0.8792,0.8792,0.0,0.0168,0.8792,0.8792,0.2516778523489933,0.7751677852348994,0.6956873006785094,88.5,9.5,1.0
arc,phi4-mini,full,errors,simple,3,0.7,completa,298,1,0,262,35,0.0034,0.0,0.0034,0.8792,0.8826,0.0034,0.0201,0.8826,0.8826,0.08389261744966443,0.9228187919463087,0.7462651587050894,83.5,4.5,1.0
arc,phi4-mini,full,errors,complex,1,0.0,completa,298,20,19,243,16,0.0671,0.0638,0.0034,0.8792,0.8826,0.0034,0.0201,0.8826,0.8826,1.0,0.0,0.6128551586962386,291.0,212.0,1.0
arc,phi4-mini,full,errors,complex,1,0.65,completa,298,3,5,257,33,0.0101,0.0168,-0.0067,0.8792,0.8725,-0.0067,0.0101,0.8725,0.8725,0.22483221476510068,0.7751677852348994,0.6982175476515471,88.5,9.5,0.7265625
arc,phi4-mini,full,errors,complex,1,0.7,completa,298,1,3,259,35,0.0034,0.0101,-0.0067,0.8792,0.8725,-0.0067,0.0101,0.8725,0.8725,0.07718120805369127,0.9228187919463087,0.749514885570692,83.5,4.5,0.625
arc,phi4-mini,full,errors,complex,3,0.0,completa,298,18,21,241,18,0.0604,0.0705,-0.0101,0.8792,0.8691,-0.0101,0.0067,0.8691,0.8691,3.0,0.0,0.5815375852971535,605.0,526.0,0.7492586247608418
arc,phi4-mini,full,errors,complex,3,0.65,completa,298,3,5,257,33,0.0101,0.0168,-0.0067,0.8792,0.8725,-0.0067,0.0101,0.8725,0.8725,0.2516778523489933,0.7751677852348994,0.6956873006785094,88.5,9.5,0.7265625
arc,phi4-mini,full,errors,complex,3,0.7,completa,298,1,2,260,35,0.0034,0.0067,-0.0034,0.8792,0.8758,-0.0034,0.0134,0.8758,0.8758,0.08389261744966443,0.9228187919463087,0.7462651587050894,83.5,4.5,1.0
arc,phi4-mini,lesson,all,simple,1,0.0,completa,298,16,21,241,20,0.0537,0.0705,-0.0168,0.8792,0.8624,-0.0168,0.0,0.8624,0.8653,1.0,0.0,0.69086615691249,161.5,82.5,0.5113757815852296
arc,phi4-mini,lesson,all,simple,1,0.65,completa,298,9,17,245,27,0.0302,0.057,-0.0268,0.8792,0.8523,-0.0268,-0.0101,0.8523,0.8552,0.7315436241610739,0.2684563758389262,0.7189616560935974,151.0,72.0,0.16863754391670227
arc,phi4-mini,lesson,all,simple,1,0.7,completa,298,5,7,255,31,0.0168,0.0235,-0.0067,0.8792,0.8725,-0.0067,0.0101,0.8725,0.8754,0.40604026845637586,0.5939597315436241,0.7530822256379877,102.5,23.5,0.7744140625
arc,phi4-mini,lesson,all,simple,3,0.0,completa,298,19,23,239,17,0.0638,0.0772,-0.0134,0.8792,0.8658,-0.0134,0.0034,0.8658,0.8658,3.0,0.0,0.6614987100464119,201.0,122.0,0.6439689563703723
arc,phi4-mini,lesson,all,simple,3,0.65,completa,298,10,17,245,26,0.0336,0.057,-0.0235,0.8792,0.8557,-0.0235,-0.0067,0.8557,0.8557,1.6778523489932886,0.2684563758389262,0.6987459676437058,175.0,96.0,0.24778856337070465
arc,phi4-mini,lesson,all,simple,3,0.7,completa,298,7,7,255,29,0.0235,0.0235,0.0,0.8792,0.8792,0.0,0.0168,0.8792,0.8822,0.6610738255033557,0.5939597315436241,0.7430726521271319,102.5,23.5,1.0
arc,phi4-mini,lesson,all,complex,1,0.0,completa,298,21,22,240,15,0.0705,0.0738,-0.0034,0.8792,0.8758,-0.0034,0.0134,0.8758,0.8758,1.0,0.0,0.69086615691249,168.0,89.0,1.0
arc,phi4-mini,lesson,all,complex,1,0.65,completa,298,12,16,246,24,0.0403,0.0537,-0.0134,0.8792,0.8658,-0.0134,0.0034,0.8658,0.8658,0.7315436241610739,0.2684563758389262,0.7189616560935974,158.0,79.0,0.5715881884098053
arc,phi4-mini,lesson,all,complex,1,0.7,completa,298,8,9,253,28,0.0268,0.0302,-0.0034,0.8792,0.8758,-0.0034,0.0134,0.8758,0.8758,0.40604026845637586,0.5939597315436241,0.7530822256379877,102.5,23.5,1.0
arc,phi4-mini,lesson,all,complex,3,0.0,completa,298,15,25,237,21,0.0503,0.0839,-0.0336,0.8792,0.8456,-0.0336,-0.0168,0.8456,0.8456,3.0,0.0,0.6614327319049729,223.0,144.0,0.1538599441628321
arc,phi4-mini,lesson,all,complex,3,0.65,completa,298,9,19,243,27,0.0302,0.0638,-0.0336,0.8792,0.8456,-0.0336,-0.0168,0.8456,0.8456,1.674496644295302,0.2684563758389262,0.6988215692546389,191.0,112.0,0.08715855330228806
arc,phi4-mini,lesson,all,complex,3,0.7,completa,298,7,10,252,29,0.0235,0.0336,-0.0101,0.8792,0.8691,-0.0101,0.0067,0.8691,0.8691,0.6577181208053692,0.5939597315436241,0.7432425401427529,102.5,23.5,0.629058837890625
arc,phi4-mini,lesson,errors,simple,1,0.0,completa,298,19,19,243,17,0.0638,0.0638,0.0,0.8792,0.8792,0.0,0.0168,0.8792,0.8792,1.0,0.0,0.6128551586962386,161.0,82.0,1.0
arc,phi4-mini,lesson,errors,simple,1,0.65,completa,298,3,4,258,33,0.0101,0.0134,-0.0034,0.8792,0.8758,-0.0034,0.0134,0.8758,0.8758,0.22483221476510068,0.7751677852348994,0.6982175476515471,88.5,9.5,1.0
arc,phi4-mini,lesson,errors,simple,1,0.7,completa,298,1,1,261,35,0.0034,0.0034,0.0,0.8792,0.8792,0.0,0.0168,0.8792,0.8792,0.07718120805369127,0.9228187919463087,0.749514885570692,83.5,4.5,1.0
arc,phi4-mini,lesson,errors,simple,3,0.0,completa,298,16,23,239,20,0.0537,0.0772,-0.0235,0.8792,0.8557,-0.0235,-0.0067,0.8557,0.8557,3.0,0.0,0.5815375852971535,203.0,124.0,0.3367836351899315
arc,phi4-mini,lesson,errors,simple,3,0.65,completa,298,3,5,257,33,0.0101,0.0168,-0.0067,0.8792,0.8725,-0.0067,0.0101,0.8725,0.8725,0.2516778523489933,0.7751677852348994,0.6956873006785094,88.5,9.5,0.7265625
arc,phi4-mini,lesson,errors,simple,3,0.7,completa,298,1,1,261,35,0.0034,0.0034,0.0,0.8792,0.8792,0.0,0.0168,0.8792,0.8792,0.08389261744966443,0.9228187919463087,0.7462651587050894,83.5,4.5,1.0
arc,phi4-mini,lesson,errors,complex,1,0.0,completa,298,20,26,236,16,0.0671,0.0872,-0.0201,0.8792,0.8591,-0.0201,-0.0034,0.8591,0.8591,1.0,0.0,0.6128551586962386,168.0,89.0,0.4613911821367651
arc,phi4-mini,lesson,errors,complex,1,0.65,completa,298,3,4,258,33,0.0101,0.0134,-0.0034,0.8792,0.8758,-0.0034,0.0134,0.8758,0.8758,0.22483221476510068,0.7751677852348994,0.6982175476515471,88.5,9.5,1.0
arc,phi4-mini,lesson,errors,complex,1,0.7,completa,298,2,0,262,34,0.0067,0.0,0.0067,0.8792,0.8859,0.0067,0.0235,0.8859,0.8859,0.07718120805369127,0.9228187919463087,0.749514885570692,83.5,4.5,0.5
arc,phi4-mini,lesson,errors,complex,3,0.0,completa,298,21,23,239,15,0.0705,0.0772,-0.0067,0.8792,0.8725,-0.0067,0.0101,0.8725,0.8725,3.0,0.0,0.5815375852971535,222.5,143.5,0.880395821280672
arc,phi4-mini,lesson,errors,complex,3,0.65,completa,298,2,4,258,34,0.0067,0.0134,-0.0067,0.8792,0.8725,-0.0067,0.0101,0.8725,0.8725,0.2516778523489933,0.7751677852348994,0.6956873006785094,88.5,9.5,0.6875
arc,phi4-mini,lesson,errors,complex,3,0.7,completa,298,2,0,262,34,0.0067,0.0,0.0067,0.8792,0.8859,0.0067,0.0235,0.8859,0.8859,0.08389261744966443,0.9228187919463087,0.7462651587050894,83.5,4.5,0.5
arc,phi4-mini,lesson_source,all,simple,1,0.0,completa,298,19,23,239,17,0.0638,0.0772,-0.0134,0.8792,0.8658,-0.0134,0.0034,0.8658,0.8687,1.0,0.0,0.69086615691249,198.5,119.5,0.6439689563703723
arc,phi4-mini,lesson_source,all,simple,1,0.65,completa,298,10,17,245,26,0.0336,0.057,-0.0235,0.8792,0.8557,-0.0235,-0.0067,0.8557,0.8586,0.7315436241610739,0.2684563758389262,0.7189616560935974,182.0,103.0,0.24778856337070465
arc,phi4-mini,lesson_source,all,simple,1,0.7,completa,298,4,10,252,32,0.0134,0.0336,-0.0201,0.8792,0.8591,-0.0201,-0.0034,0.8591,0.862,0.40604026845637586,0.5939597315436241,0.7530822256379877,102.5,23.5,0.1795654296875
arc,phi4-mini,lesson_source,all,simple,3,0.0,completa,298,15,22,240,21,0.0503,0.0738,-0.0235,0.8792,0.8557,-0.0235,-0.0067,0.8557,0.8557,3.0,0.0,0.6614987100464119,309.0,230.0,0.3240086000878364
arc,phi4-mini,lesson_source,all,simple,3,0.65,completa,298,9,15,247,27,0.0302,0.0503,-0.0201,0.8792,0.8591,-0.0201,-0.0034,0.8591,0.8591,1.6778523489932886,0.2684563758389262,0.6987459676437058,244.0,165.0,0.30745625495910645
arc,phi4-mini,lesson_source,all,simple,3,0.7,completa,298,3,10,252,33,0.0101,0.0336,-0.0235,0.8792,0.8557,-0.0235,-0.0067,0.8557,0.8586,0.6610738255033557,0.5939597315436241,0.7430726521271319,102.5,23.5,0.09228515625
arc,phi4-mini,lesson_source,all,complex,1,0.0,completa,298,18,27,235,18,0.0604,0.0906,-0.0302,0.8792,0.849,-0.0302,-0.0134,0.849,0.849,1.0,0.0,0.69086615691249,204.0,125.0,0.23269319190831084
arc,phi4-mini,lesson_source,all,complex,1,0.65,completa,298,10,19,243,26,0.0336,0.0638,-0.0302,0.8792,0.849,-0.0302,-0.0134,0.849,0.849,0.7315436241610739,0.2684563758389262,0.7189616560935974,189.0,110.0,0.13604594767093658
arc,phi4-mini,lesson_source,all,complex,1,0.7,completa,298,5,12,250,31,0.0168,0.0403,-0.0235,0.8792,0.8557,-0.0235,-0.0067,0.8557,0.8557,0.40604026845637586,0.5939597315436241,0.7530822256379877,102.5,23.5,0.143463134765625
arc,phi4-mini,lesson_source,all,complex,3,0.0,completa,298,14,27,235,22,0.047,0.0906,-0.0436,0.8792,0.8356,-0.0436,-0.0268,0.8356,0.8356,3.0,0.0,0.6614327319049729,332.0,253.0,0.05958388801809633
arc,phi4-mini,lesson_source,all,complex,3,0.65,completa,298,9,17,245,27,0.0302,0.057,-0.0268,0.8792,0.8523,-0.0268,-0.0101,0.8523,0.8523,1.674496644295302,0.2684563758389262,0.6988215692546389,251.5,172.5,0.16863754391670227
arc,phi4-mini,lesson_source,all,complex,3,0.7,completa,298,5,14,248,31,0.0168,0.047,-0.0302,0.8792,0.849,-0.0302,-0.0134,0.849,0.849,0.6577181208053692,0.5939597315436241,0.7432425401427529,102.5,23.5,0.063568115234375
arc,phi4-mini,lesson_source,errors,simple,1,0.0,completa,298,19,21,241,17,0.0638,0.0705,-0.0067,0.8792,0.8725,-0.0067,0.0101,0.8725,0.8784,1.0,0.0,0.6128551586962386,203.0,124.0,0.8746293123804207
arc,phi4-mini,lesson_source,errors,simple,1,0.65,completa,298,2,4,258,34,0.0067,0.0134,-0.0067,0.8792,0.8725,-0.0067,0.0101,0.8725,0.8725,0.22483221476510068,0.7751677852348994,0.6982175476515471,88.5,9.5,0.6875
arc,phi4-mini,lesson_source,errors,simple,1,0.7,completa,298,1,1,261,35,0.0034,0.0034,0.0,0.8792,0.8792,0.0,0.0168,0.8792,0.8792,0.07718120805369127,0.9228187919463087,0.749514885570692,83.5,4.5,1.0
arc,phi4-mini,lesson_source,errors,simple,3,0.0,completa,298,17,25,237,19,0.057,0.0839,-0.0268,0.8792,0.8523,-0.0268,-0.0101,0.8523,0.8523,3.0,0.0,0.5815375852971535,332.0,253.0,0.27995623852893914
arc,phi4-mini,lesson_source,errors,simple,3,0.65,completa,298,2,3,259,34,0.0067,0.0101,-0.0034,0.8792,0.8758,-0.0034,0.0134,0.8758,0.8758,0.2516778523489933,0.7751677852348994,0.6956873006785094,88.5,9.5,1.0
arc,phi4-mini,lesson_source,errors,simple,3,0.7,completa,298,1,1,261,35,0.0034,0.0034,0.0,0.8792,0.8792,0.0,0.0168,0.8792,0.8792,0.08389261744966443,0.9228187919463087,0.7462651587050894,83.5,4.5,1.0
arc,phi4-mini,lesson_source,errors,complex,1,0.0,completa,298,18,22,240,18,0.0604,0.0738,-0.0134,0.8792,0.8658,-0.0134,0.0034,0.8658,0.8658,1.0,0.0,0.6128551586962386,207.0,128.0,0.6358280026288412
arc,phi4-mini,lesson_source,errors,complex,1,0.65,completa,298,3,3,259,33,0.0101,0.0101,0.0,0.8792,0.8792,0.0,0.0168,0.8792,0.8792,0.22483221476510068,0.7751677852348994,0.6982175476515471,88.5,9.5,1.0
arc,phi4-mini,lesson_source,errors,complex,1,0.7,completa,298,1,1,261,35,0.0034,0.0034,0.0,0.8792,0.8792,0.0,0.0168,0.8792,0.8792,0.07718120805369127,0.9228187919463087,0.749514885570692,83.5,4.5,1.0
arc,phi4-mini,lesson_source,errors,complex,3,0.0,completa,298,18,20,242,18,0.0604,0.0671,-0.0067,0.8792,0.8725,-0.0067,0.0101,0.8725,0.8725,3.0,0.0,0.5815375852971535,347.0,268.0,0.8714146793645341
arc,phi4-mini,lesson_source,errors,complex,3,0.65,completa,298,3,3,259,33,0.0101,0.0101,0.0,0.8792,0.8792,0.0,0.0168,0.8792,0.8792,0.2516778523489933,0.7751677852348994,0.6956873006785094,88.5,9.5,1.0
arc,phi4-mini,lesson_source,errors,complex,3,0.7,completa,298,1,1,261,35,0.0034,0.0034,0.0,0.8792,0.8792,0.0,0.0168,0.8792,0.8792,0.08389261744966443,0.9228187919463087,0.7462651587050894,83.5,4.5,1.0
arc,phi4-mini,playbook,all,simple,1,0.0,completa,298,14,19,243,22,0.047,0.0638,-0.0168,0.8792,0.8624,-0.0168,0.0,0.8624,0.8624,1.0,0.0,,161.0,82.0,0.48685024166479707
arc,phi4-mini,playbook,all,simple,3,0.0,completa,298,19,25,237,17,0.0638,0.0839,-0.0201,0.8792,0.8591,-0.0201,-0.0034,0.8591,0.8591,3.0,0.0,,190.0,111.0,0.4513808323961257
arc,phi4-mini,playbook,all,complex,1,0.0,completa,298,19,23,239,17,0.0638,0.0772,-0.0134,0.8792,0.8658,-0.0134,0.0034,0.8658,0.8687,1.0,0.0,,180.0,101.0,0.6439689563703723
arc,phi4-mini,playbook,all,complex,3,0.0,completa,298,21,21,241,15,0.0705,0.0705,0.0,0.8792,0.8792,0.0,0.0168,0.8792,0.8792,3.0,0.0,,226.0,147.0,1.0
arc,phi4-mini,playbook,errors,simple,1,0.0,completa,298,17,23,239,19,0.057,0.0772,-0.0201,0.8792,0.8591,-0.0201,-0.0034,0.8591,0.862,1.0,0.0,,170.0,91.0,0.42959050784338615
arc,phi4-mini,playbook,errors,simple,3,0.0,completa,298,18,19,243,18,0.0604,0.0638,-0.0034,0.8792,0.8758,-0.0034,0.0134,0.8758,0.8758,3.0,0.0,,204.0,125.0,1.0
arc,phi4-mini,playbook,errors,complex,1,0.0,completa,298,14,17,245,22,0.047,0.057,-0.0101,0.8792,0.8691,-0.0101,0.0067,0.8691,0.8691,1.0,0.0,,168.0,89.0,0.720100131817162
arc,phi4-mini,playbook,errors,complex,3,0.0,completa,298,19,22,240,17,0.0638,0.0738,-0.0101,0.8792,0.8691,-0.0101,0.0067,0.8691,0.8721,3.0,0.0,,241.0,162.0,0.755228657504631
arc,llama3-8b,full,all,simple,1,0.0,completa,298,15,26,226,31,0.0503,0.0872,-0.0369,0.8456,0.8087,-0.0369,-0.0369,0.8087,0.8087,1.0,0.0,0.69086615691249,289.5,210.5,0.11727520595741225
arc,llama3-8b,full,all,simple,1,0.65,completa,298,12,19,233,34,0.0403,0.0638,-0.0235,0.8456,0.8221,-0.0235,-0.0235,0.8221,0.8249,0.7315436241610739,0.2684563758389262,0.7189616560935974,269.0,190.0,0.28104151505976915
arc,llama3-8b,full,all,simple,1,0.7,completa,298,7,12,240,39,0.0235,0.0403,-0.0168,0.8456,0.8289,-0.0168,-0.0168,0.8289,0.8316,0.40604026845637586,0.5939597315436241,0.7530822256379877,102.5,23.5,0.359283447265625
arc,llama3-8b,full,all,simple,3,0.0,completa,298,13,27,225,33,0.0436,0.0906,-0.047,0.8456,0.7987,-0.047,-0.047,0.7987,0.7987,3.0,0.0,0.6614987100464119,581.0,502.0,0.03847730828420026
arc,llama3-8b,full,all,simple,3,0.65,completa,298,13,14,238,33,0.0436,0.047,-0.0034,0.8456,0.8423,-0.0034,-0.0034,0.8423,0.8451,1.6778523489932886,0.2684563758389262,0.6987459676437058,404.0,325.0,1.0
arc,llama3-8b,full,all,simple,3,0.7,completa,298,6,11,241,40,0.0201,0.0369,-0.0168,0.8456,0.8289,-0.0168,-0.0168,0.8289,0.8316,0.6610738255033557,0.5939597315436241,0.7430726521271319,102.5,23.5,0.332305908203125
arc,llama3-8b,full,all,complex,1,0.0,completa,298,16,21,231,30,0.0537,0.0705,-0.0168,0.8456,0.8289,-0.0168,-0.0168,0.8289,0.8289,1.0,0.0,0.69086615691249,291.0,212.0,0.5113757815852296
arc,llama3-8b,full,all,complex,1,0.65,completa,298,13,15,237,33,0.0436,0.0503,-0.0067,0.8456,0.8389,-0.0067,-0.0067,0.8389,0.8418,0.7315436241610739,0.2684563758389262,0.7189616560935974,275.5,196.5,0.8505540192127228
arc,llama3-8b,full,all,complex,1,0.7,completa,298,7,9,243,39,0.0235,0.0302,-0.0067,0.8456,0.8389,-0.0067,-0.0067,0.8389,0.8418,0.40604026845637586,0.5939597315436241,0.7530822256379877,102.5,23.5,0.803619384765625
arc,llama3-8b,full,all,complex,3,0.0,completa,298,15,33,219,31,0.0503,0.1107,-0.0604,0.8456,0.7852,-0.0604,-0.0604,0.7852,0.7852,3.0,0.0,0.6614987100464119,588.0,509.0,0.01328328156224501
arc,llama3-8b,full,all,complex,3,0.65,completa,298,14,23,229,32,0.047,0.0772,-0.0302,0.8456,0.8154,-0.0302,-0.0302,0.8154,0.8182,1.6778523489932886,0.2684563758389262,0.6987459676437058,412.5,333.5,0.18774155899882317
arc,llama3-8b,full,all,complex,3,0.7,completa,298,7,11,241,39,0.0235,0.0369,-0.0134,0.8456,0.8322,-0.0134,-0.0134,0.8322,0.835,0.6610738255033557,0.5939597315436241,0.7430726521271319,102.5,23.5,0.480682373046875
arc,llama3-8b,full,errors,simple,1,0.0,completa,298,17,24,228,29,0.057,0.0805,-0.0235,0.8456,0.8221,-0.0235,-0.0235,0.8221,0.8221,1.0,0.0,0.6241636056227972,291.0,212.0,0.34888887944907765
arc,llama3-8b,full,errors,simple,1,0.65,completa,298,5,5,247,41,0.0168,0.0168,0.0,0.8456,0.8456,0.0,0.0,0.8456,0.8485,0.3053691275167785,0.6946308724832215,0.6987608402639955,92.0,13.0,1.0
arc,llama3-8b,full,errors,simple,1,0.7,completa,298,3,3,249,43,0.0101,0.0101,0.0,0.8456,0.8456,0.0,0.0,0.8456,0.8485,0.10738255033557047,0.8926174496644296,0.7440980896353722,84.0,5.0,1.0
arc,llama3-8b,full,errors,simple,3,0.0,completa,298,16,20,232,30,0.0537,0.0671,-0.0134,0.8456,0.8322,-0.0134,-0.0134,0.8322,0.8407,3.0,0.0,0.5932087388214649,601.5,522.5,0.617719317029696
arc,llama3-8b,full,errors,simple,3,0.65,completa,298,7,8,244,39,0.0235,0.0268,-0.0034,0.8456,0.8423,-0.0034,-0.0034,0.8423,0.8451,0.43288590604026844,0.6946308724832215,0.692313572316816,92.0,13.0,1.0
arc,llama3-8b,full,errors,simple,3,0.7,completa,298,3,3,249,43,0.0101,0.0101,0.0,0.8456,0.8456,0.0,0.0,0.8456,0.8485,0.13758389261744966,0.8926174496644296,0.7404733592023451,84.0,5.0,1.0
arc,llama3-8b,full,errors,complex,1,0.0,completa,298,17,29,223,29,0.057,0.0973,-0.0403,0.8456,0.8054,-0.0403,-0.0403,0.8054,0.8081,1.0,0.0,0.6241636056227972,296.0,217.0,0.10380535550410741
arc,llama3-8b,full,errors,complex,1,0.65,completa,298,8,5,247,38,0.0268,0.0168,0.0101,0.8456,0.8557,0.0101,0.0101,0.8557,0.8586,0.3053691275167785,0.6946308724832215,0.6987608402639955,92.0,13.0,0.5810546875
arc,llama3-8b,full,errors,complex,1,0.7,completa,298,4,3,249,42,0.0134,0.0101,0.0034,0.8456,0.849,0.0034,0.0034,0.849,0.8519,0.10738255033557047,0.8926174496644296,0.7440980896353722,84.0,5.0,1.0
arc,llama3-8b,full,errors,complex,3,0.0,completa,298,18,26,226,28,0.0604,0.0872,-0.0268,0.8456,0.8188,-0.0268,-0.0268,0.8188,0.8243,3.0,0.0,0.5932087388214649,607.5,528.5,0.2912152365458951
arc,llama3-8b,full,errors,complex,3,0.65,completa,298,6,7,245,40,0.0201,0.0235,-0.0034,0.8456,0.8423,-0.0034,-0.0034,0.8423,0.8451,0.43288590604026844,0.6946308724832215,0.692313572316816,92.0,13.0,1.0
arc,llama3-8b,full,errors,complex,3,0.7,completa,298,3,3,249,43,0.0101,0.0101,0.0,0.8456,0.8456,0.0,0.0,0.8456,0.8485,0.13758389261744966,0.8926174496644296,0.7404733592023451,84.0,5.0,1.0
arc,llama3-8b,lesson,all,simple,1,0.0,completa,298,14,23,229,32,0.047,0.0772,-0.0302,0.8456,0.8154,-0.0302,-0.0302,0.8154,0.8182,1.0,0.0,0.6885308201281016,170.5,91.5,0.18774155899882317
arc,llama3-8b,lesson,all,simple,1,0.65,completa,298,10,17,235,36,0.0336,0.057,-0.0235,0.8456,0.8221,-0.0235,-0.0235,0.8221,0.8277,0.7214765100671141,0.2785234899328859,0.7177573958108592,159.0,80.0,0.24778856337070465
arc,llama3-8b,lesson,all,simple,1,0.7,completa,298,7,9,243,39,0.0235,0.0302,-0.0067,0.8456,0.8389,-0.0067,-0.0067,0.8389,0.8446,0.3859060402684564,0.6140939597315436,0.7539795212123706,100.5,21.5,0.803619384765625
arc,llama3-8b,lesson,all,simple,3,0.0,completa,298,15,23,229,31,0.0503,0.0772,-0.0268,0.8456,0.8188,-0.0268,-0.0268,0.8188,0.8188,3.0,0.0,0.6594136306970179,231.0,152.0,0.2558750795433298
arc,llama3-8b,lesson,all,simple,3,0.65,completa,298,12,17,235,34,0.0403,0.057,-0.0168,0.8456,0.8289,-0.0168,-0.0168,0.8289,0.8345,1.6409395973154361,0.2785234899328859,0.6979517579078676,193.0,114.0,0.45825831964612007
arc,llama3-8b,lesson,all,simple,3,0.7,completa,298,6,9,243,40,0.0201,0.0302,-0.0101,0.8456,0.8356,-0.0101,-0.0101,0.8356,0.8412,0.6208053691275168,0.6140939597315436,0.7440566832604617,100.5,21.5,0.6072387695312499
arc,llama3-8b,lesson,all,complex,1,0.0,completa,298,16,25,227,30,0.0537,0.0839,-0.0302,0.8456,0.8154,-0.0302,-0.0302,0.8154,0.8154,1.0,0.0,0.6891546683423471,166.0,87.0,0.21102359760880063
arc,llama3-8b,lesson,all,complex,1,0.65,completa,298,11,19,233,35,0.0369,0.0638,-0.0268,0.8456,0.8188,-0.0268,-0.0268,0.8188,0.8215,0.7315436241610739,0.2684563758389262,0.7166776353612953,157.5,78.5,0.20048842206597334
arc,llama3-8b,lesson,all,complex,1,0.7,completa,298,8,11,241,38,0.0268,0.0369,-0.0101,0.8456,0.8356,-0.0101,-0.0101,0.8356,0.8384,0.39932885906040266,0.6006711409395973,0.750353023785503,102.0,23.0,0.6476058959960938
arc,llama3-8b,lesson,all,complex,3,0.0,completa,298,11,29,223,35,0.0369,0.0973,-0.0604,0.8456,0.7852,-0.0604,-0.0604,0.7852,0.7879,3.0,0.0,0.6603298713630211,220.0,141.0,0.006426576095691416
arc,llama3-8b,lesson,all,complex,3,0.65,completa,298,8,26,226,38,0.0268,0.0872,-0.0604,0.8456,0.7852,-0.0604,-0.0604,0.7852,0.7905,1.6610738255033557,0.2684563758389262,0.6976392202603344,188.5,109.5,0.0029350556433200836
arc,llama3-8b,lesson,all,complex,3,0.7,completa,298,9,9,243,37,0.0302,0.0302,0.0,0.8456,0.8456,0.0,0.0,0.8456,0.8485,0.6409395973154363,0.6006711409395973,0.7412011378786477,102.0,23.0,1.0
arc,llama3-8b,lesson,errors,simple,1,0.0,completa,298,20,28,224,26,0.0671,0.094,-0.0268,0.8456,0.8188,-0.0268,-0.0268,0.8188,0.8188,1.0,0.0,0.6236373442131401,170.0,91.0,0.31232680747326935
arc,llama3-8b,lesson,errors,simple,1,0.65,completa,298,7,5,247,39,0.0235,0.0168,0.0067,0.8456,0.8523,0.0067,0.0067,0.8523,0.8552,0.30201342281879195,0.697986577181208,0.6983829624123044,91.5,12.5,0.7744140625
arc,llama3-8b,lesson,errors,simple,1,0.7,completa,298,3,3,249,43,0.0101,0.0101,0.0,0.8456,0.8456,0.0,0.0,0.8456,0.8485,0.1040268456375839,0.8959731543624161,0.7450862142347521,84.0,5.0,1.0
arc,llama3-8b,lesson,errors,simple,3,0.0,completa,298,18,20,232,28,0.0604,0.0671,-0.0067,0.8456,0.8389,-0.0067,-0.0067,0.8389,0.8389,3.0,0.0,0.592102853243783,229.0,150.0,0.8714146793645341
arc,llama3-8b,lesson,errors,simple,3,0.65,completa,298,7,6,246,39,0.0235,0.0201,0.0034,0.8456,0.849,0.0034,0.0034,0.849,0.8519,0.4161073825503356,0.697986577181208,0.6924186259508133,91.5,12.5,1.0
arc,llama3-8b,lesson,errors,simple,3,0.7,completa,298,2,3,249,44,0.0067,0.0101,-0.0034,0.8456,0.8423,-0.0034,-0.0034,0.8423,0.8451,0.13087248322147652,0.8959731543624161,0.7415330490117432,84.0,5.0,1.0
arc,llama3-8b,lesson,errors,complex,1,0.0,completa,298,10,21,231,36,0.0336,0.0705,-0.0369,0.8456,0.8087,-0.0369,-0.0369,0.8087,0.8087,1.0,0.0,0.6240649419342912,168.0,89.0,0.07075554598122835
arc,llama3-8b,lesson,errors,complex,1,0.65,completa,298,3,8,244,43,0.0101,0.0268,-0.0168,0.8456,0.8289,-0.0168,-0.0168,0.8289,0.8316,0.3053691275167785,0.6946308724832215,0.6987608402639955,92.0,13.0,0.2265625
arc,llama3-8b,lesson,errors,complex,1,0.7,completa,298,1,3,249,45,0.0034,0.0101,-0.0067,0.8456,0.8389,-0.0067,-0.0067,0.8389,0.8418,0.10738255033557047,0.8926174496644296,0.7440980896353722,84.0,5.0,0.625
arc,llama3-8b,lesson,errors,complex,3,0.0,completa,298,15,19,233,31,0.0503,0.0638,-0.0134,0.8456,0.8322,-0.0134,-0.0134,0.8322,0.8322,3.0,0.0,0.5926848942668111,224.0,145.0,0.6075913612730801
arc,llama3-8b,lesson,errors,complex,3,0.65,completa,298,3,9,243,43,0.0101,0.0302,-0.0201,0.8456,0.8255,-0.0201,-0.0201,0.8255,0.8283,0.42953020134228187,0.6946308724832215,0.6923732670235547,92.0,13.0,0.14599609375
arc,llama3-8b,lesson,errors,complex,3,0.7,completa,298,2,2,250,44,0.0067,0.0067,0.0,0.8456,0.8456,0.0,0.0,0.8456,0.8485,0.13758389261744966,0.8926174496644296,0.7404733592023451,84.0,5.0,1.0
arc,llama3-8b,lesson_source,all,simple,1,0.0,completa,298,18,18,234,28,0.0604,0.0604,0.0,0.8456,0.8456,0.0,0.0,0.8456,0.8485,1.0,0.0,0.6885308201281016,206.0,127.0,1.0
arc,llama3-8b,lesson_source,all,simple,1,0.65,completa,298,13,11,241,33,0.0436,0.0369,0.0067,0.8456,0.8523,0.0067,0.0067,0.8523,0.8581,0.7214765100671141,0.2785234899328859,0.7177573958108592,191.0,112.0,0.8388197422027588
arc,llama3-8b,lesson_source,all,simple,1,0.7,completa,298,10,6,246,36,0.0336,0.0201,0.0134,0.8456,0.8591,0.0134,0.0134,0.8591,0.8649,0.3859060402684564,0.6140939597315436,0.7539795212123706,100.5,21.5,0.454498291015625
arc,llama3-8b,lesson_source,all,simple,3,0.0,completa,298,17,23,229,29,0.057,0.0772,-0.0201,0.8456,0.8255,-0.0201,-0.0201,0.8255,0.8255,3.0,0.0,0.6594136306970179,342.0,263.0,0.42959050784338615
arc,llama3-8b,lesson_source,all,simple,3,0.65,completa,298,10,8,244,36,0.0336,0.0268,0.0067,0.8456,0.8523,0.0067,0.0067,0.8523,0.8552,1.6409395973154361,0.2785234899328859,0.6979517579078676,253.0,174.0,0.8145294189453125
arc,llama3-8b,lesson_source,all,simple,3,0.7,completa,298,9,7,245,37,0.0302,0.0235,0.0067,0.8456,0.8523,0.0067,0.0067,0.8523,0.8552,0.6208053691275168,0.6140939597315436,0.7440566832604617,100.5,21.5,0.803619384765625
arc,llama3-8b,lesson_source,all,complex,1,0.0,completa,298,12,22,230,34,0.0403,0.0738,-0.0336,0.8456,0.8121,-0.0336,-0.0336,0.8121,0.8121,1.0,0.0,0.6891546683423471,203.0,124.0,0.12144948495551944
arc,llama3-8b,lesson_source,all,complex,1,0.65,completa,298,8,15,237,38,0.0268,0.0503,-0.0235,0.8456,0.8221,-0.0235,-0.0235,0.8221,0.8249,0.7315436241610739,0.2684563758389262,0.7166776353612953,188.0,109.0,0.21003961563110352
arc,llama3-8b,lesson_source,all,complex,1,0.7,completa,298,4,10,242,42,0.0134,0.0336,-0.0201,0.8456,0.8255,-0.0201,-0.0201,0.8255,0.8283,0.39932885906040266,0.6006711409395973,0.750353023785503,102.0,23.0,0.1795654296875
arc,llama3-8b,lesson_source,all,complex,3,0.0,completa,298,16,22,230,30,0.0537,0.0738,-0.0201,0.8456,0.8255,-0.0201,-0.0201,0.8255,0.8255,3.0,0.0,0.6603298713630211,329.5,250.5,0.417692190836533
arc,llama3-8b,lesson_source,all,complex,3,0.65,completa,298,13,16,236,33,0.0436,0.0537,-0.0101,0.8456,0.8356,-0.0101,-0.0101,0.8356,0.8384,1.6610738255033557,0.2684563758389262,0.6976392202603344,252.5,173.5,0.711071103811264
arc,llama3-8b,lesson_source,all,complex,3,0.7,completa,298,6,13,239,40,0.0201,0.0436,-0.0235,0.8456,0.8221,-0.0235,-0.0235,0.8221,0.8249,0.6409395973154363,0.6006711409395973,0.7412011378786477,102.0,23.0,0.1670684814453125
arc,llama3-8b,lesson_source,errors,simple,1,0.0,completa,298,19,22,230,27,0.0638,0.0738,-0.0101,0.8456,0.8356,-0.0101,-0.0101,0.8356,0.8412,1.0,0.0,0.6236373442131401,211.0,132.0,0.755228657504631
arc,llama3-8b,lesson_source,errors,simple,1,0.65,completa,298,8,4,248,38,0.0268,0.0134,0.0134,0.8456,0.8591,0.0134,0.0134,0.8591,0.862,0.30201342281879195,0.697986577181208,0.6983829624123044,91.5,12.5,0.3876953125
arc,llama3-8b,lesson_source,errors,simple,1,0.7,completa,298,4,2,250,42,0.0134,0.0067,0.0067,0.8456,0.8523,0.0067,0.0067,0.8523,0.8552,0.1040268456375839,0.8959731543624161,0.7450862142347521,84.0,5.0,0.6875
arc,llama3-8b,lesson_source,errors,simple,3,0.0,completa,298,17,13,239,29,0.057,0.0436,0.0134,0.8456,0.8591,0.0134,0.0134,0.8591,0.8649,3.0,0.0,0.592102853243783,357.0,278.0,0.5846647117286922
arc,llama3-8b,lesson_source,errors,simple,3,0.65,completa,298,6,5,247,40,0.0201,0.0168,0.0034,0.8456,0.849,0.0034,0.0034,0.849,0.8519,0.4161073825503356,0.697986577181208,0.6924186259508133,91.5,12.5,1.0
arc,llama3-8b,lesson_source,errors,simple,3,0.7,completa,298,4,2,250,42,0.0134,0.0067,0.0067,0.8456,0.8523,0.0067,0.0067,0.8523,0.8552,0.13087248322147652,0.8959731543624161,0.7415330490117432,84.0,5.0,0.6875
arc,llama3-8b,lesson_source,errors,complex,1,0.0,completa,298,18,23,229,28,0.0604,0.0772,-0.0168,0.8456,0.8289,-0.0168,-0.0168,0.8289,0.8345,1.0,0.0,0.6240649419342912,209.5,130.5,0.5327092552361137
arc,llama3-8b,lesson_source,errors,complex,1,0.65,completa,298,8,6,246,38,0.0268,0.0201,0.0067,0.8456,0.8523,0.0067,0.0067,0.8523,0.8552,0.3053691275167785,0.6946308724832215,0.6987608402639955,92.0,13.0,0.79052734375
arc,llama3-8b,lesson_source,errors,complex,1,0.7,completa,298,3,2,250,43,0.0101,0.0067,0.0034,0.8456,0.849,0.0034,0.0034,0.849,0.8519,0.10738255033557047,0.8926174496644296,0.7440980896353722,84.0,5.0,1.0
arc,llama3-8b,lesson_source,errors,complex,3,0.0,completa,298,18,20,232,28,0.0604,0.0671,-0.0067,0.8456,0.8389,-0.0067,-0.0067,0.8389,0.8389,3.0,0.0,0.5926848942668111,348.0,269.0,0.8714146793645341
arc,llama3-8b,lesson_source,errors,complex,3,0.65,completa,298,7,4,248,39,0.0235,0.0134,0.0101,0.8456,0.8557,0.0101,0.0101,0.8557,0.8586,0.42953020134228187,0.6946308724832215,0.6923732670235547,92.0,13.0,0.548828125
arc,llama3-8b,lesson_source,errors,complex,3,0.7,completa,298,4,2,250,42,0.0134,0.0067,0.0067,0.8456,0.8523,0.0067,0.0067,0.8523,0.8552,0.13758389261744966,0.8926174496644296,0.7404733592023451,84.0,5.0,0.6875
arc,llama3-8b,playbook,all,simple,1,0.0,completa,298,17,23,229,29,0.057,0.0772,-0.0201,0.8456,0.8255,-0.0201,-0.0201,0.8255,0.8255,1.0,0.0,,173.0,94.0,0.42959050784338615
arc,llama3-8b,playbook,all,simple,3,0.0,completa,298,13,26,226,33,0.0436,0.0872,-0.0436,0.8456,0.802,-0.0436,-0.0436,0.802,0.8047,3.0,0.0,,226.0,147.0,0.05325191409792752
arc,llama3-8b,playbook,all,complex,1,0.0,completa,298,16,21,231,30,0.0537,0.0705,-0.0168,0.8456,0.8289,-0.0168,-0.0168,0.8289,0.8289,1.0,0.0,,178.0,99.0,0.5113757815852296
arc,llama3-8b,playbook,all,complex,3,0.0,completa,298,14,25,227,32,0.047,0.0839,-0.0369,0.8456,0.8087,-0.0369,-0.0369,0.8087,0.8087,3.0,0.0,,214.0,135.0,0.10812902140605732
arc,llama3-8b,playbook,errors,simple,1,0.0,completa,298,14,31,221,32,0.047,0.104,-0.057,0.8456,0.7886,-0.057,-0.057,0.7886,0.7886,1.0,0.0,,170.0,91.0,0.016094360031274842
arc,llama3-8b,playbook,errors,simple,3,0.0,completa,298,17,31,221,29,0.057,0.104,-0.047,0.8456,0.7987,-0.047,-0.047,0.7987,0.7987,3.0,0.0,,213.0,134.0,0.05946337525377034
arc,llama3-8b,playbook,errors,complex,1,0.0,completa,298,13,17,235,33,0.0436,0.057,-0.0134,0.8456,0.8322,-0.0134,-0.0134,0.8322,0.8322,1.0,0.0,,167.0,88.0,0.5846647117286922
arc,llama3-8b,playbook,errors,complex,3,0.0,completa,298,14,24,228,32,0.047,0.0805,-0.0336,0.8456,0.8121,-0.0336,-0.0336,0.8121,0.8148,3.0,0.0,,223.0,144.0,0.14330665429588407
logiqa2,phi4-mini,full,all,simple,1,0.0,completa,300,33,36,120,111,0.11,0.12,-0.01,0.52,0.51,-0.01,-0.0233,0.51,0.5134,1.0,0.0,0.6814667564630509,453.5,264.5,0.8099490529189248
logiqa2,phi4-mini,full,all,simple,1,0.65,completa,300,26,28,128,118,0.0867,0.0933,-0.0067,0.52,0.5133,-0.0067,-0.02,0.5133,0.5151,0.7333333333333333,0.26666666666666666,0.7023383620110425,434.0,245.0,0.8919231511047488
logiqa2,phi4-mini,full,all,simple,1,0.7,completa,300,9,7,149,135,0.03,0.0233,0.0067,0.52,0.5267,0.0067,-0.0067,0.5267,0.5267,0.2633333333333333,0.7366666666666667,0.7548002215880382,209.0,20.0,0.803619384765625
logiqa2,phi4-mini,full,all,simple,3,0.0,completa,300,28,34,122,116,0.0933,0.1133,-0.02,0.52,0.5,-0.02,-0.0333,0.5,0.5,3.0,0.0,0.6593670109907787,855.5,666.5,0.52577336017565
logiqa2,phi4-mini,full,all,simple,3,0.65,completa,300,24,19,137,120,0.08,0.0633,0.0167,0.52,0.5367,0.0167,0.0033,0.5367,0.5367,1.6866666666666668,0.26666666666666666,0.6873115744103085,622.0,433.0,0.542384011856484
logiqa2,phi4-mini,full,all,simple,3,0.7,completa,300,7,7,149,137,0.0233,0.0233,0.0,0.52,0.52,0.0,-0.0133,0.52,0.52,0.45,0.7366666666666667,0.743279667091772,209.0,20.0,1.0
logiqa2,phi4-mini,full,all,complex,1,0.0,completa,300,38,32,124,106,0.1267,0.1067,0.02,0.52,0.54,0.02,0.0067,0.54,0.5436,1.0,0.0,0.6814667564630509,456.5,267.5,0.5504125118224712
logiqa2,phi4-mini,full,all,complex,1,0.65,completa,300,30,22,134,114,0.1,0.0733,0.0267,0.52,0.5467,0.0267,0.0133,0.5467,0.5485,0.7333333333333333,0.26666666666666666,0.7023383620110425,440.0,251.0,0.3317497633694906
logiqa2,phi4-mini,full,all,complex,1,0.7,completa,300,15,6,150,129,0.05,0.02,0.03,0.52,0.55,0.03,0.0167,0.55,0.5518,0.2633333333333333,0.7366666666666667,0.7548002215880382,209.0,20.0,0.0783538818359375
logiqa2,phi4-mini,full,all,complex,3,0.0,completa,300,32,37,119,112,0.1067,0.1233,-0.0167,0.52,0.5033,-0.0167,-0.03,0.5033,0.5033,3.0,0.0,0.6593670109907787,865.5,676.5,0.6304564917867981
logiqa2,phi4-mini,full,all,complex,3,0.65,completa,300,23,21,135,121,0.0767,0.07,0.0067,0.52,0.5267,0.0067,-0.0067,0.5267,0.5267,1.6866666666666668,0.26666666666666666,0.6873115744103085,636.0,447.0,0.880395821280672
logiqa2,phi4-mini,full,all,complex,3,0.7,completa,300,10,6,150,134,0.0333,0.02,0.0133,0.52,0.5333,0.0133,0.0,0.5333,0.5333,0.45,0.7366666666666667,0.743279667091772,209.0,20.0,0.454498291015625
logiqa2,phi4-mini,full,errors,simple,1,0.0,completa,300,29,27,129,115,0.0967,0.09,0.0067,0.52,0.5267,0.0067,-0.0067,0.5267,0.5284,1.0,0.0,0.6643477998177211,452.0,263.0,0.8938530948350216
logiqa2,phi4-mini,full,errors,simple,1,0.65,completa,300,16,17,139,128,0.0533,0.0567,-0.0033,0.52,0.5167,-0.0033,-0.0167,0.5167,0.5167,0.5933333333333334,0.4066666666666667,0.6977378923571511,413.0,224.0,1.0
logiqa2,phi4-mini,full,errors,simple,1,0.7,completa,300,5,5,151,139,0.0167,0.0167,0.0,0.52,0.52,0.0,-0.0133,0.52,0.52,0.17666666666666667,0.8233333333333334,0.7560720185063919,199.0,10.0,1.0
logiqa2,phi4-mini,full,errors,simple,3,0.0,completa,300,29,35,121,115,0.0967,0.1167,-0.02,0.52,0.5,-0.02,-0.0333,0.5,0.5,3.0,0.0,0.6405365489588843,854.0,665.0,0.5323087760278422
logiqa2,phi4-mini,full,errors,simple,3,0.65,completa,300,20,12,144,124,0.0667,0.04,0.0267,0.52,0.5467,0.0267,0.0133,0.5467,0.5467,1.2133333333333334,0.4066666666666667,0.6843745123022951,438.5,249.5,0.21532714972272515
logiqa2,phi4-mini,full,errors,simple,3,0.7,completa,300,6,5,151,138,0.02,0.0167,0.0033,0.52,0.5233,0.0033,-0.01,0.5233,0.5233,0.25,0.8233333333333334,0.747945029030806,199.0,10.0,1.0
logiqa2,phi4-mini,full,errors,complex,1,0.0,completa,300,30,34,122,114,0.1,0.1133,-0.0133,0.52,0.5067,-0.0133,-0.0267,0.5067,0.5101,1.0,0.0,0.6643477998177211,453.0,264.0,0.7079807541347641
logiqa2,phi4-mini,full,errors,complex,1,0.65,completa,300,20,16,140,124,0.0667,0.0533,0.0133,0.52,0.5333,0.0133,0.0,0.5333,0.5351,0.5933333333333334,0.4066666666666667,0.6977378923571511,418.5,229.5,0.617719317029696
logiqa2,phi4-mini,full,errors,complex,1,0.7,completa,300,7,4,152,137,0.0233,0.0133,0.01,0.52,0.53,0.01,-0.0033,0.53,0.5318,0.17666666666666667,0.8233333333333334,0.7560720185063919,199.0,10.0,0.548828125
logiqa2,phi4-mini,full,errors,complex,3,0.0,completa,300,26,30,126,118,0.0867,0.1,-0.0133,0.52,0.5067,-0.0133,-0.0267,0.5067,0.5101,3.0,0.0,0.6405365489588843,861.0,672.0,0.6888797607233395
logiqa2,phi4-mini,full,errors,complex,3,0.65,completa,300,17,9,147,127,0.0567,0.03,0.0267,0.52,0.5467,0.0267,0.0133,0.5467,0.5467,1.2133333333333334,0.4066666666666667,0.6843745123022951,444.5,255.5,0.16863754391670227
logiqa2,phi4-mini,full,errors,complex,3,0.7,completa,300,5,3,153,139,0.0167,0.01,0.0067,0.52,0.5267,0.0067,-0.0067,0.5267,0.5267,0.25,0.8233333333333334,0.747945029030806,199.0,10.0,0.7265625
logiqa2,phi4-mini,lesson,all,simple,1,0.0,completa,300,32,23,133,112,0.1067,0.0767,0.03,0.52,0.55,0.03,0.0167,0.55,0.5537,1.0,0.0,0.6814667564630509,272.0,83.0,0.2806097176983541
logiqa2,phi4-mini,lesson,all,simple,1,0.65,completa,300,25,16,140,119,0.0833,0.0533,0.03,0.52,0.55,0.03,0.0167,0.55,0.5518,0.7333333333333333,0.26666666666666666,0.7023383620110425,259.5,70.5,0.21102359760880063
logiqa2,phi4-mini,lesson,all,simple,1,0.7,completa,300,11,5,151,133,0.0367,0.0167,0.02,0.52,0.54,0.02,0.0067,0.54,0.54,0.2633333333333333,0.7366666666666667,0.7548002215880382,208.5,19.5,0.210113525390625
logiqa2,phi4-mini,lesson,all,simple,3,0.0,completa,300,32,33,123,112,0.1067,0.11,-0.0033,0.52,0.5167,-0.0033,-0.0167,0.5167,0.5254,3.0,0.0,0.6593670109907787,314.5,125.5,1.0
logiqa2,phi4-mini,lesson,all,simple,3,0.65,completa,300,22,17,139,122,0.0733,0.0567,0.0167,0.52,0.5367,0.0167,0.0033,0.5367,0.5403,1.6866666666666668,0.26666666666666666,0.6873115744103085,286.0,97.0,0.5223973804968411
logiqa2,phi4-mini,lesson,all,simple,3,0.7,completa,300,12,5,151,132,0.04,0.0167,0.0233,0.52,0.5433,0.0233,0.01,0.5433,0.5433,0.45,0.7366666666666667,0.743279667091772,208.5,19.5,0.143463134765625
logiqa2,phi4-mini,lesson,all,complex,1,0.0,completa,300,31,28,128,113,0.1033,0.0933,0.01,0.52,0.53,0.01,-0.0033,0.53,0.5318,1.0,0.0,0.680303832689921,276.0,87.0,0.794843653982861
logiqa2,phi4-mini,lesson,all,complex,1,0.65,completa,300,23,17,139,121,0.0767,0.0567,0.02,0.52,0.54,0.02,0.0067,0.54,0.5418,0.73,0.27,0.7012567528306621,263.0,74.0,0.42959050784338615
logiqa2,phi4-mini,lesson,all,complex,1,0.7,completa,300,8,5,151,136,0.0267,0.0167,0.01,0.52,0.53,0.01,-0.0033,0.53,0.53,0.26,0.74,0.7524359837556497,208.5,19.5,0.5810546875
logiqa2,phi4-mini,lesson,all,complex,3,0.0,completa,300,35,30,126,109,0.1167,0.1,0.0167,0.52,0.5367,0.0167,0.0033,0.5367,0.5439,3.0,0.0,0.6589427471823162,328.0,139.0,0.6201447650813029
logiqa2,phi4-mini,lesson,all,complex,3,0.65,completa,300,27,18,138,117,0.09,0.06,0.03,0.52,0.55,0.03,0.0167,0.55,0.5574,1.6833333333333333,0.27,0.6861425924428157,297.0,108.0,0.23269319190831084
logiqa2,phi4-mini,lesson,all,complex,3,0.7,completa,300,8,3,153,136,0.0267,0.01,0.0167,0.52,0.5367,0.0167,0.0033,0.5367,0.5403,0.44666666666666666,0.74,0.7407677298427646,208.5,19.5,0.2265625
logiqa2,phi4-mini,lesson,errors,simple,1,0.0,completa,300,26,22,134,118,0.0867,0.0733,0.0133,0.52,0.5333,0.0133,0.0,0.5333,0.5351,1.0,0.0,0.6643477998177211,271.5,82.5,0.6654658120766188
logiqa2,phi4-mini,lesson,errors,simple,1,0.65,completa,300,16,11,145,128,0.0533,0.0367,0.0167,0.52,0.5367,0.0167,0.0033,0.5367,0.5367,0.5933333333333334,0.4066666666666667,0.6977378923571511,251.0,62.0,0.44206833839416504
logiqa2,phi4-mini,lesson,errors,simple,1,0.7,completa,300,4,3,153,140,0.0133,0.01,0.0033,0.52,0.5233,0.0033,-0.01,0.5233,0.5233,0.17666666666666667,0.8233333333333334,0.7560720185063919,199.0,10.0,1.0
logiqa2,phi4-mini,lesson,errors,simple,3,0.0,completa,300,23,33,123,121,0.0767,0.11,-0.0333,0.52,0.4867,-0.0333,-0.0467,0.4867,0.4899,3.0,0.0,0.6405365489588843,318.0,129.0,0.2288055412343561
logiqa2,phi4-mini,lesson,errors,simple,3,0.65,completa,300,17,8,148,127,0.0567,0.0267,0.03,0.52,0.55,0.03,0.0167,0.55,0.55,1.2133333333333334,0.4066666666666667,0.6843745123022951,264.0,75.0,0.10775214433670044
logiqa2,phi4-mini,lesson,errors,simple,3,0.7,completa,300,6,2,154,138,0.02,0.0067,0.0133,0.52,0.5333,0.0133,0.0,0.5333,0.5333,0.25,0.8233333333333334,0.747945029030806,199.0,10.0,0.2890625
logiqa2,phi4-mini,lesson,errors,complex,1,0.0,completa,300,25,25,131,119,0.0833,0.0833,0.0,0.52,0.52,0.0,-0.0133,0.52,0.5217,1.0,0.0,0.6631160869201025,276.0,87.0,1.0
logiqa2,phi4-mini,lesson,errors,complex,1,0.65,completa,300,12,12,144,132,0.04,0.04,0.0,0.52,0.52,0.0,-0.0133,0.52,0.5217,0.59,0.41,0.696373638796941,254.0,65.0,1.0
logiqa2,phi4-mini,lesson,errors,complex,1,0.7,completa,300,3,3,153,141,0.01,0.01,0.0,0.52,0.52,0.0,-0.0133,0.52,0.52,0.17333333333333334,0.8266666666666667,0.7525501193908545,199.0,10.0,1.0
logiqa2,phi4-mini,lesson,errors,complex,3,0.0,completa,300,29,22,134,115,0.0967,0.0733,0.0233,0.52,0.5433,0.0233,0.01,0.5433,0.547,3.0,0.0,0.6401030812660853,330.0,141.0,0.4010619910279374
logiqa2,phi4-mini,lesson,errors,complex,3,0.65,completa,300,15,14,142,129,0.05,0.0467,0.0033,0.52,0.5233,0.0033,-0.01,0.5233,0.5268,1.21,0.41,0.6829062122746375,262.5,73.5,1.0
logiqa2,phi4-mini,lesson,errors,complex,3,0.7,completa,300,3,3,153,141,0.01,0.01,0.0,0.52,0.52,0.0,-0.0133,0.52,0.52,0.24666666666666667,0.8266666666666667,0.7442668416561223,199.0,10.0,1.0
logiqa2,phi4-mini,lesson_source,all,simple,1,0.0,completa,300,28,27,129,116,0.0933,0.09,0.0033,0.52,0.5233,0.0033,-0.01,0.5233,0.5268,1.0,0.0,0.6814667564630509,368.0,179.0,1.0
logiqa2,phi4-mini,lesson_source,all,simple,1,0.65,completa,300,21,17,139,123,0.07,0.0567,0.0133,0.52,0.5333,0.0133,0.0,0.5333,0.5351,0.7333333333333333,0.26666666666666666,0.7023383620110425,349.5,160.5,0.6271025701571489
logiqa2,phi4-mini,lesson_source,all,simple,1,0.7,completa,300,7,4,152,137,0.0233,0.0133,0.01,0.52,0.53,0.01,-0.0033,0.53,0.5318,0.2633333333333333,0.7366666666666667,0.7548002215880382,209.0,20.0,0.548828125
logiqa2,phi4-mini,lesson_source,all,simple,3,0.0,completa,300,29,32,124,115,0.0967,0.1067,-0.01,0.52,0.51,-0.01,-0.0233,0.51,0.51,3.0,0.0,0.6593670109907787,595.0,406.0,0.7981526273057179
logiqa2,phi4-mini,lesson_source,all,simple,3,0.65,completa,300,20,19,137,124,0.0667,0.0633,0.0033,0.52,0.5233,0.0033,-0.01,0.5233,0.5233,1.6866666666666668,0.26666666666666666,0.6873115744103085,453.0,264.0,1.0
logiqa2,phi4-mini,lesson_source,all,simple,3,0.7,completa,300,5,4,152,139,0.0167,0.0133,0.0033,0.52,0.5233,0.0033,-0.01,0.5233,0.5233,0.45,0.7366666666666667,0.743279667091772,209.0,20.0,1.0
logiqa2,phi4-mini,lesson_source,all,complex,1,0.0,completa,300,32,27,129,112,0.1067,0.09,0.0167,0.52,0.5367,0.0167,0.0033,0.5367,0.5385,1.0,0.0,0.680303832689921,372.5,183.5,0.6029232012571504
logiqa2,phi4-mini,lesson_source,all,complex,1,0.65,completa,300,23,18,138,121,0.0767,0.06,0.0167,0.52,0.5367,0.0167,0.0033,0.5367,0.5385,0.73,0.27,0.7012567528306621,355.5,166.5,0.5327092552361137
logiqa2,phi4-mini,lesson_source,all,complex,1,0.7,completa,300,7,6,150,137,0.0233,0.02,0.0033,0.52,0.5233,0.0033,-0.01,0.5233,0.5251,0.26,0.74,0.7524359837556497,209.0,20.0,1.0
logiqa2,phi4-mini,lesson_source,all,complex,3,0.0,completa,300,27,33,123,117,0.09,0.11,-0.02,0.52,0.5,-0.02,-0.0333,0.5,0.5034,3.0,0.0,0.6589427471823162,611.0,422.0,0.5189580031896519
logiqa2,phi4-mini,lesson_source,all,complex,3,0.65,completa,300,24,19,137,120,0.08,0.0633,0.0167,0.52,0.5367,0.0167,0.0033,0.5367,0.5385,1.6833333333333333,0.27,0.6861425924428157,472.0,283.0,0.542384011856484
logiqa2,phi4-mini,lesson_source,all,complex,3,0.7,completa,300,6,4,152,138,0.02,0.0133,0.0067,0.52,0.5267,0.0067,-0.0067,0.5267,0.5267,0.44666666666666666,0.74,0.7407677298427646,209.0,20.0,0.75390625
logiqa2,phi4-mini,lesson_source,errors,simple,1,0.0,completa,300,32,28,128,112,0.1067,0.0933,0.0133,0.52,0.5333,0.0133,0.0,0.5333,0.5387,1.0,0.0,0.6643477998177211,367.0,178.0,0.6988834276200058
logiqa2,phi4-mini,lesson_source,errors,simple,1,0.65,completa,300,20,14,142,124,0.0667,0.0467,0.02,0.52,0.54,0.02,0.0067,0.54,0.5418,0.5933333333333334,0.4066666666666667,0.6977378923571511,330.0,141.0,0.39152830513194203
logiqa2,phi4-mini,lesson_source,errors,simple,1,0.7,completa,300,4,4,152,140,0.0133,0.0133,0.0,0.52,0.52,0.0,-0.0133,0.52,0.5217,0.17666666666666667,0.8233333333333334,0.7560720185063919,199.0,10.0,1.0
logiqa2,phi4-mini,lesson_source,errors,simple,3,0.0,completa,300,25,29,127,119,0.0833,0.0967,-0.0133,0.52,0.5067,-0.0133,-0.0267,0.5067,0.5067,3.0,0.0,0.6405365489588843,595.0,406.0,0.6834892282353371
logiqa2,phi4-mini,lesson_source,errors,simple,3,0.65,completa,300,18,13,143,126,0.06,0.0433,0.0167,0.52,0.5367,0.0167,0.0033,0.5367,0.5367,1.2133333333333334,0.4066666666666667,0.6843745123022951,360.0,171.0,0.47312965989112854
logiqa2,phi4-mini,lesson_source,errors,simple,3,0.7,completa,300,4,4,152,140,0.0133,0.0133,0.0,0.52,0.52,0.0,-0.0133,0.52,0.52,0.25,0.8233333333333334,0.747945029030806,199.0,10.0,1.0
logiqa2,phi4-mini,lesson_source,errors,complex,1,0.0,completa,300,27,26,130,117,0.09,0.0867,0.0033,0.52,0.5233,0.0033,-0.01,0.5233,0.5251,1.0,0.0,0.6631160869201025,370.5,181.5,1.0
logiqa2,phi4-mini,lesson_source,errors,complex,1,0.65,completa,300,18,11,145,126,0.06,0.0367,0.0233,0.52,0.5433,0.0233,0.01,0.5433,0.5452,0.59,0.41,0.696373638796941,335.5,146.5,0.26493089646101
logiqa2,phi4-mini,lesson_source,errors,complex,1,0.7,completa,300,3,4,152,141,0.01,0.0133,-0.0033,0.52,0.5167,-0.0033,-0.0167,0.5167,0.5184,0.17333333333333334,0.8266666666666667,0.7525501193908545,199.0,10.0,1.0
logiqa2,phi4-mini,lesson_source,errors,complex,3,0.0,completa,300,29,26,130,115,0.0967,0.0867,0.01,0.52,0.53,0.01,-0.0033,0.53,0.5372,3.0,0.0,0.6401030812660853,609.0,420.0,0.7877061896700431
logiqa2,phi4-mini,lesson_source,errors,complex,3,0.65,completa,300,18,7,149,126,0.06,0.0233,0.0367,0.52,0.5567,0.0367,0.0233,0.5567,0.5642,1.21,0.41,0.6829062122746375,359.5,170.5,0.043285250663757324
logiqa2,phi4-mini,lesson_source,errors,complex,3,0.7,completa,300,2,4,152,142,0.0067,0.0133,-0.0067,0.52,0.5133,-0.0067,-0.02,0.5133,0.5151,0.24666666666666667,0.8266666666666667,0.7442668416561223,199.0,10.0,0.6875
logiqa2,phi4-mini,playbook,all,simple,1,0.0,completa,300,32,24,132,112,0.1067,0.08,0.0267,0.52,0.5467,0.0267,0.0133,0.5467,0.5485,1.0,0.0,,289.0,100.0,0.34968195298368476
logiqa2,phi4-mini,playbook,all,simple,3,0.0,completa,300,24,27,129,120,0.08,0.09,-0.01,0.52,0.51,-0.01,-0.0233,0.51,0.5152,3.0,0.0,,322.0,133.0,0.7797679305530743
logiqa2,phi4-mini,playbook,all,complex,1,0.0,completa,300,28,28,128,116,0.0933,0.0933,0.0,0.52,0.52,0.0,-0.0133,0.52,0.52,1.0,0.0,,293.0,104.0,1.0
logiqa2,phi4-mini,playbook,all,complex,3,0.0,completa,300,33,32,124,111,0.11,0.1067,0.0033,0.52,0.5233,0.0033,-0.01,0.5233,0.5304,3.0,0.0,,331.0,142.0,1.0
logiqa2,phi4-mini,playbook,errors,simple,1,0.0,completa,300,18,26,130,126,0.06,0.0867,-0.0267,0.52,0.4933,-0.0267,-0.04,0.4933,0.4966,1.0,0.0,,277.0,88.0,0.2912152365458951
logiqa2,phi4-mini,playbook,errors,simple,3,0.0,completa,300,36,31,125,108,0.12,0.1033,0.0167,0.52,0.5367,0.0167,0.0033,0.5367,0.5403,3.0,0.0,,316.0,127.0,0.6254068289416483
logiqa2,phi4-mini,playbook,errors,complex,1,0.0,completa,300,28,28,128,116,0.0933,0.0933,0.0,0.52,0.52,0.0,-0.0133,0.52,0.52,1.0,0.0,,293.0,104.0,1.0
logiqa2,phi4-mini,playbook,errors,complex,3,0.0,completa,300,35,28,128,109,0.1167,0.0933,0.0233,0.52,0.5433,0.0233,0.01,0.5433,0.5452,3.0,0.0,,326.0,137.0,0.44996253629022254
logiqa2,llama3-8b,full,all,simple,1,0.0,completa,300,22,37,130,111,0.0733,0.1233,-0.05,0.5567,0.5067,-0.05,-0.0433,0.5067,0.5118,1.0,0.0,0.6814667564630509,454.0,265.0,0.06744461190078899
logiqa2,llama3-8b,full,all,simple,1,0.65,completa,300,19,26,141,114,0.0633,0.0867,-0.0233,0.5567,0.5333,-0.0233,-0.0167,0.5333,0.5387,0.7333333333333333,0.26666666666666666,0.7023383620110425,435.5,246.5,0.3712980344710104
logiqa2,llama3-8b,full,all,simple,1,0.7,completa,300,10,9,158,123,0.0333,0.03,0.0033,0.5567,0.56,0.0033,0.01,0.56,0.5619,0.2633333333333333,0.7366666666666667,0.7548002215880382,209.0,20.0,1.0
logiqa2,llama3-8b,full,all,simple,3,0.0,completa,300,33,42,125,100,0.11,0.14,-0.03,0.5567,0.5267,-0.03,-0.0233,0.5267,0.5302,3.0,0.0,0.6593670109907787,862.0,673.0,0.3556992390814873
logiqa2,llama3-8b,full,all,simple,3,0.65,completa,300,24,30,137,109,0.08,0.1,-0.02,0.5567,0.5367,-0.02,-0.0133,0.5367,0.5421,1.6866666666666668,0.26666666666666666,0.6873115744103085,628.5,439.5,0.49661743531793345
logiqa2,llama3-8b,full,all,simple,3,0.7,completa,300,12,9,158,121,0.04,0.03,0.01,0.5567,0.5667,0.01,0.0167,0.5667,0.5686,0.45,0.7366666666666667,0.743279667091772,209.0,20.0,0.6636238098144531
logiqa2,llama3-8b,full,all,complex,1,0.0,completa,300,30,35,132,103,0.1,0.1167,-0.0167,0.5567,0.54,-0.0167,-0.01,0.54,0.5418,1.0,0.0,0.6814667564630509,454.5,265.5,0.6201447650813029
logiqa2,llama3-8b,full,all,complex,1,0.65,completa,300,24,27,140,109,0.08,0.09,-0.01,0.5567,0.5467,-0.01,-0.0033,0.5467,0.5485,0.7333333333333333,0.26666666666666666,0.7023383620110425,437.5,248.5,0.7797679305530743
logiqa2,llama3-8b,full,all,complex,1,0.7,completa,300,13,11,156,120,0.0433,0.0367,0.0067,0.5567,0.5633,0.0067,0.0133,0.5633,0.5652,0.2633333333333333,0.7366666666666667,0.7548002215880382,209.0,20.0,0.8388197422027588
logiqa2,llama3-8b,full,all,complex,3,0.0,completa,300,34,44,123,99,0.1133,0.1467,-0.0333,0.5567,0.5233,-0.0333,-0.0267,0.5233,0.5251,3.0,0.0,0.6593670109907787,857.0,668.0,0.3081682319436807
logiqa2,llama3-8b,full,all,complex,3,0.65,completa,300,20,25,142,113,0.0667,0.0833,-0.0167,0.5567,0.54,-0.0167,-0.01,0.54,0.54,1.6866666666666668,0.26666666666666666,0.6873115744103085,628.5,439.5,0.5514843298025198
logiqa2,llama3-8b,full,all,complex,3,0.7,completa,300,12,11,156,121,0.04,0.0367,0.0033,0.5567,0.56,0.0033,0.01,0.56,0.5619,0.45,0.7366666666666667,0.743279667091772,209.0,20.0,1.0
logiqa2,llama3-8b,full,errors,simple,1,0.0,completa,300,29,39,128,104,0.0967,0.13,-0.0333,0.5567,0.5233,-0.0333,-0.0267,0.5233,0.5286,1.0,0.0,0.6619350125392278,454.5,265.5,0.2749903961710005
logiqa2,llama3-8b,full,errors,simple,1,0.65,completa,300,19,21,146,114,0.0633,0.07,-0.0067,0.5567,0.55,-0.0067,0.0,0.55,0.5556,0.56,0.44,0.6977925627004533,401.0,212.0,0.8746293123804207
logiqa2,llama3-8b,full,errors,simple,1,0.7,completa,300,8,4,163,125,0.0267,0.0133,0.0133,0.5567,0.57,0.0133,0.02,0.57,0.5719,0.18,0.82,0.7512204636026312,199.0,10.0,0.3876953125
logiqa2,llama3-8b,full,errors,simple,3,0.0,completa,300,33,44,123,100,0.11,0.1467,-0.0367,0.5567,0.52,-0.0367,-0.03,0.52,0.5253,3.0,0.0,0.6392697981993357,857.5,668.5,0.2543046661477
logiqa2,llama3-8b,full,errors,simple,3,0.65,completa,300,21,21,146,112,0.07,0.07,0.0,0.5567,0.5567,0.0,0.0067,0.5567,0.5642,1.2,0.44,0.6843063783432756,435.0,246.0,1.0
logiqa2,llama3-8b,full,errors,simple,3,0.7,completa,300,9,5,162,124,0.03,0.0167,0.0133,0.5567,0.57,0.0133,0.02,0.57,0.5719,0.2633333333333333,0.82,0.7422204473872244,199.0,10.0,0.4239501953125
logiqa2,llama3-8b,full,errors,complex,1,0.0,completa,300,30,34,133,103,0.1,0.1133,-0.0133,0.5567,0.5433,-0.0133,-0.0067,0.5433,0.5452,1.0,0.0,0.6619350125392278,456.0,267.0,0.7079807541347641
logiqa2,llama3-8b,full,errors,complex,1,0.65,completa,300,18,18,149,115,0.06,0.06,0.0,0.5567,0.5567,0.0,0.0067,0.5567,0.5585,0.56,0.44,0.6977925627004533,410.0,221.0,1.0
logiqa2,llama3-8b,full,errors,complex,1,0.7,completa,300,9,4,163,124,0.03,0.0133,0.0167,0.5567,0.5733,0.0167,0.0233,0.5733,0.5753,0.18,0.82,0.7512204636026312,199.0,10.0,0.266845703125
logiqa2,llama3-8b,full,errors,complex,3,0.0,completa,300,33,42,125,100,0.11,0.14,-0.03,0.5567,0.5267,-0.03,-0.0233,0.5267,0.5302,3.0,0.0,0.6392697981993357,861.0,672.0,0.3556992390814873
logiqa2,llama3-8b,full,errors,complex,3,0.65,completa,300,21,24,143,112,0.07,0.08,-0.01,0.5567,0.5467,-0.01,-0.0033,0.5467,0.5485,1.2,0.44,0.6843063783432756,435.0,246.0,0.765991824244793
logiqa2,llama3-8b,full,errors,complex,3,0.7,completa,300,10,6,161,123,0.0333,0.02,0.0133,0.5567,0.57,0.0133,0.02,0.57,0.5719,0.2633333333333333,0.82,0.7422204473872244,199.0,10.0,0.454498291015625
logiqa2,llama3-8b,lesson,all,simple,1,0.0,completa,300,23,35,132,110,0.0767,0.1167,-0.04,0.5567,0.5167,-0.04,-0.0333,0.5167,0.5201,1.0,0.0,0.6792487887541453,281.0,92.0,0.14800580076020603
logiqa2,llama3-8b,lesson,all,simple,1,0.65,completa,300,18,28,139,115,0.06,0.0933,-0.0333,0.5567,0.5233,-0.0333,-0.0267,0.5233,0.5268,0.7233333333333334,0.27666666666666667,0.7004958286812778,266.0,77.0,0.18392482137699062
logiqa2,llama3-8b,lesson,all,simple,1,0.7,completa,300,10,10,157,123,0.0333,0.0333,0.0,0.5567,0.5567,0.0,0.0067,0.5567,0.5604,0.25333333333333335,0.7466666666666667,0.7521713854450929,207.5,18.5,1.0
logiqa2,llama3-8b,lesson,all,simple,3,0.0,completa,300,30,44,123,103,0.1,0.1467,-0.0467,0.5567,0.51,-0.0467,-0.04,0.51,0.5117,3.0,0.0,0.658207194407781,346.0,157.0,0.13017768031912758
logiqa2,llama3-8b,lesson,all,simple,3,0.65,completa,300,24,28,139,109,0.08,0.0933,-0.0133,0.5567,0.5433,-0.0133,-0.0067,0.5433,0.5433,1.6566666666666667,0.27666666666666667,0.6861304451701461,300.0,111.0,0.6778086391424605
logiqa2,llama3-8b,lesson,all,simple,3,0.7,completa,300,10,8,159,123,0.0333,0.0267,0.0067,0.5567,0.5633,0.0067,0.0133,0.5633,0.5652,0.43,0.7466666666666667,0.7409248452698975,207.5,18.5,0.8145294189453125
logiqa2,llama3-8b,lesson,all,complex,1,0.0,completa,300,22,39,128,111,0.0733,0.13,-0.0567,0.5567,0.5,-0.0567,-0.05,0.5,0.5,1.0,0.0,0.6808113245169322,275.5,86.5,0.03961701489849968
logiqa2,llama3-8b,lesson,all,complex,1,0.65,completa,300,18,29,138,115,0.06,0.0967,-0.0367,0.5567,0.52,-0.0367,-0.03,0.52,0.52,0.7333333333333333,0.26666666666666666,0.7014445911754261,264.0,75.0,0.14386508844054896
logiqa2,llama3-8b,lesson,all,complex,1,0.7,completa,300,11,8,159,122,0.0367,0.0267,0.01,0.5567,0.5667,0.01,0.0167,0.5667,0.5686,0.25666666666666665,0.7433333333333333,0.7546828443353827,208.0,19.0,0.6476058959960938
logiqa2,llama3-8b,lesson,all,complex,3,0.0,completa,300,23,37,130,110,0.0767,0.1233,-0.0467,0.5567,0.51,-0.0467,-0.04,0.51,0.5117,3.0,0.0,0.6586237395471997,332.5,143.5,0.09246098107292373
logiqa2,llama3-8b,lesson,all,complex,3,0.65,completa,300,16,32,135,117,0.0533,0.1067,-0.0533,0.5567,0.5033,-0.0533,-0.0467,0.5033,0.505,1.6733333333333333,0.26666666666666666,0.6866132427797171,297.5,108.5,0.029304946720529308
logiqa2,llama3-8b,lesson,all,complex,3,0.7,completa,300,9,8,159,124,0.03,0.0267,0.0033,0.5567,0.56,0.0033,0.01,0.56,0.5619,0.43,0.7433333333333333,0.7436826533569402,208.0,19.0,1.0
logiqa2,llama3-8b,lesson,errors,simple,1,0.0,completa,300,27,38,129,106,0.09,0.1267,-0.0367,0.5567,0.52,-0.0367,-0.03,0.52,0.5235,1.0,0.0,0.6599920223156611,281.0,92.0,0.2145391940081784
logiqa2,llama3-8b,lesson,errors,simple,1,0.65,completa,300,15,19,148,118,0.05,0.0633,-0.0133,0.5567,0.5433,-0.0133,-0.0067,0.5433,0.547,0.5466666666666666,0.4533333333333333,0.6963538142239175,252.0,63.0,0.6075913612730801
logiqa2,llama3-8b,lesson,errors,simple,1,0.7,completa,300,7,7,160,126,0.0233,0.0233,0.0,0.5567,0.5567,0.0,0.0067,0.5567,0.5604,0.17666666666666667,0.8233333333333334,0.7460739353917679,199.0,10.0,1.0
logiqa2,llama3-8b,lesson,errors,simple,3,0.0,completa,300,26,39,128,107,0.0867,0.13,-0.0433,0.5567,0.5133,-0.0433,-0.0367,0.5133,0.5151,3.0,0.0,0.6382393020391465,344.5,155.5,0.1360323948778921
logiqa2,llama3-8b,lesson,errors,simple,3,0.65,completa,300,18,19,148,115,0.06,0.0633,-0.0033,0.5567,0.5533,-0.0033,0.0033,0.5533,0.5552,1.1833333333333333,0.4533333333333333,0.6828073277706053,262.5,73.5,1.0
logiqa2,llama3-8b,lesson,errors,simple,3,0.7,completa,300,9,7,160,124,0.03,0.0233,0.0067,0.5567,0.5633,0.0067,0.0133,0.5633,0.5652,0.25333333333333335,0.8233333333333334,0.7377160673246445,199.0,10.0,0.803619384765625
logiqa2,llama3-8b,lesson,errors,complex,1,0.0,completa,300,25,34,133,108,0.0833,0.1133,-0.03,0.5567,0.5267,-0.03,-0.0233,0.5267,0.5267,1.0,0.0,0.661770022114118,277.5,88.5,0.2975952082844287
logiqa2,llama3-8b,lesson,errors,complex,1,0.65,completa,300,16,19,148,117,0.0533,0.0633,-0.01,0.5567,0.5467,-0.01,-0.0033,0.5467,0.5467,0.5566666666666666,0.44333333333333336,0.6978851820894344,250.5,61.5,0.735878800856881
logiqa2,llama3-8b,lesson,errors,complex,1,0.7,completa,300,8,5,162,125,0.0267,0.0167,0.01,0.5567,0.5667,0.01,0.0167,0.5667,0.5686,0.18,0.82,0.7512204636026312,199.0,10.0,0.5810546875
logiqa2,llama3-8b,lesson,errors,complex,3,0.0,completa,300,29,38,129,104,0.0967,0.1267,-0.03,0.5567,0.5267,-0.03,-0.0233,0.5267,0.5284,3.0,0.0,0.6390516891744401,333.0,144.0,0.3284320626971897
logiqa2,llama3-8b,lesson,errors,complex,3,0.65,completa,300,21,23,144,112,0.07,0.0767,-0.0067,0.5567,0.55,-0.0067,0.0,0.55,0.5518,1.19,0.44333333333333336,0.684480704590232,260.5,71.5,0.880395821280672
logiqa2,llama3-8b,lesson,errors,complex,3,0.7,completa,300,7,7,160,126,0.0233,0.0233,0.0,0.5567,0.5567,0.0,0.0067,0.5567,0.5585,0.2633333333333333,0.82,0.7422204473872244,199.0,10.0,1.0
logiqa2,llama3-8b,lesson_source,all,simple,1,0.0,completa,300,27,38,129,106,0.09,0.1267,-0.0367,0.5567,0.52,-0.0367,-0.03,0.52,0.5235,1.0,0.0,0.6792487887541453,376.0,187.0,0.2145391940081784
logiqa2,llama3-8b,lesson_source,all,simple,1,0.65,completa,300,23,28,139,110,0.0767,0.0933,-0.0167,0.5567,0.54,-0.0167,-0.01,0.54,0.5436,0.7233333333333334,0.27666666666666667,0.7004958286812778,358.5,169.5,0.5758493477318467
logiqa2,llama3-8b,lesson_source,all,simple,1,0.7,completa,300,11,11,156,122,0.0367,0.0367,0.0,0.5567,0.5567,0.0,0.0067,0.5567,0.5585,0.25333333333333335,0.7466666666666667,0.7521713854450929,208.0,19.0,1.0
logiqa2,llama3-8b,lesson_source,all,simple,3,0.0,completa,300,29,42,125,104,0.0967,0.14,-0.0433,0.5567,0.5133,-0.0433,-0.0367,0.5133,0.5168,3.0,0.0,0.658207194407781,625.0,436.0,0.1539127693264563
logiqa2,llama3-8b,lesson_source,all,simple,3,0.65,completa,300,19,28,139,114,0.0633,0.0933,-0.03,0.5567,0.5267,-0.03,-0.0233,0.5267,0.5302,1.6566666666666667,0.27666666666666667,0.6861304451701461,465.0,276.0,0.24296021728332556
logiqa2,llama3-8b,lesson_source,all,simple,3,0.7,completa,300,9,12,155,124,0.03,0.04,-0.01,0.5567,0.5467,-0.01,-0.0033,0.5467,0.5485,0.43,0.7466666666666667,0.7409248452698975,208.0,19.0,0.6636238098144531
logiqa2,llama3-8b,lesson_source,all,complex,1,0.0,completa,300,28,37,130,105,0.0933,0.1233,-0.03,0.5567,0.5267,-0.03,-0.0233,0.5267,0.5267,1.0,0.0,0.6808113245169322,372.0,183.0,0.3210841356849955
logiqa2,llama3-8b,lesson_source,all,complex,1,0.65,completa,300,24,29,138,109,0.08,0.0967,-0.0167,0.5567,0.54,-0.0167,-0.01,0.54,0.54,0.7333333333333333,0.26666666666666666,0.7014445911754261,354.0,165.0,0.5831321542611763
logiqa2,llama3-8b,lesson_source,all,complex,1,0.7,completa,300,13,12,155,120,0.0433,0.04,0.0033,0.5567,0.56,0.0033,0.01,0.56,0.5619,0.25666666666666665,0.7433333333333333,0.7546828443353827,208.5,19.5,1.0
logiqa2,llama3-8b,lesson_source,all,complex,3,0.0,completa,300,28,39,128,105,0.0933,0.13,-0.0367,0.5567,0.52,-0.0367,-0.03,0.52,0.5217,3.0,0.0,0.6586237395471997,611.5,422.5,0.22154872964481104
logiqa2,llama3-8b,lesson_source,all,complex,3,0.65,completa,300,22,30,137,111,0.0733,0.1,-0.0267,0.5567,0.53,-0.0267,-0.02,0.53,0.5318,1.6733333333333333,0.26666666666666666,0.6866132427797171,465.0,276.0,0.3317497633694906
logiqa2,llama3-8b,lesson_source,all,complex,3,0.7,completa,300,11,11,156,122,0.0367,0.0367,0.0,0.5567,0.5567,0.0,0.0067,0.5567,0.5585,0.43,0.7433333333333333,0.7436826533569402,208.5,19.5,1.0
logiqa2,llama3-8b,lesson_source,errors,simple,1,0.0,completa,300,26,42,125,107,0.0867,0.14,-0.0533,0.5567,0.5033,-0.0533,-0.0467,0.5033,0.505,1.0,0.0,0.6599920223156611,375.5,186.5,0.06811867428409976
logiqa2,llama3-8b,lesson_source,errors,simple,1,0.65,completa,300,18,22,145,115,0.06,0.0733,-0.0133,0.5567,0.5433,-0.0133,-0.0067,0.5433,0.5452,0.5466666666666666,0.4533333333333333,0.6963538142239175,323.5,134.5,0.6358280026288412
logiqa2,llama3-8b,lesson_source,errors,simple,1,0.7,completa,300,6,8,159,127,0.02,0.0267,-0.0067,0.5567,0.55,-0.0067,0.0,0.55,0.5518,0.17666666666666667,0.8233333333333334,0.7460739353917679,199.0,10.0,0.79052734375
logiqa2,llama3-8b,lesson_source,errors,simple,3,0.0,completa,300,35,35,132,98,0.1167,0.1167,0.0,0.5567,0.5567,0.0,0.0067,0.5567,0.5585,3.0,0.0,0.6382393020391465,619.5,430.5,1.0
logiqa2,llama3-8b,lesson_source,errors,simple,3,0.65,completa,300,21,19,148,112,0.07,0.0633,0.0067,0.5567,0.5633,0.0067,0.0133,0.5633,0.5652,1.1833333333333333,0.4533333333333333,0.6828073277706053,342.5,153.5,0.8746293123804207
logiqa2,llama3-8b,lesson_source,errors,simple,3,0.7,completa,300,6,7,160,127,0.02,0.0233,-0.0033,0.5567,0.5533,-0.0033,0.0033,0.5533,0.5552,0.25333333333333335,0.8233333333333334,0.7377160673246445,199.0,10.0,1.0
logiqa2,llama3-8b,lesson_source,errors,complex,1,0.0,completa,300,22,37,130,111,0.0733,0.1233,-0.05,0.5567,0.5067,-0.05,-0.0433,0.5067,0.5067,1.0,0.0,0.661770022114118,372.0,183.0,0.06744461190078899
logiqa2,llama3-8b,lesson_source,errors,complex,1,0.65,completa,300,14,20,147,119,0.0467,0.0667,-0.02,0.5567,0.5367,-0.02,-0.0133,0.5367,0.5367,0.5566666666666666,0.44333333333333336,0.6978851820894344,324.0,135.0,0.39152830513194203
logiqa2,llama3-8b,lesson_source,errors,complex,1,0.7,completa,300,8,6,161,125,0.0267,0.02,0.0067,0.5567,0.5633,0.0067,0.0133,0.5633,0.5652,0.18,0.82,0.7512204636026312,199.0,10.0,0.79052734375
logiqa2,llama3-8b,lesson_source,errors,complex,3,0.0,completa,300,26,33,134,107,0.0867,0.11,-0.0233,0.5567,0.5333,-0.0233,-0.0167,0.5333,0.5333,3.0,0.0,0.6390516891744401,610.0,421.0,0.43499280512215344
logiqa2,llama3-8b,lesson_source,errors,complex,3,0.65,completa,300,13,19,148,120,0.0433,0.0633,-0.02,0.5567,0.5367,-0.02,-0.0133,0.5367,0.5367,1.19,0.44333333333333336,0.684480704590232,348.5,159.5,0.37708558747544885
logiqa2,llama3-8b,lesson_source,errors,complex,3,0.7,completa,300,7,5,162,126,0.0233,0.0167,0.0067,0.5567,0.5633,0.0067,0.0133,0.5633,0.5652,0.2633333333333333,0.82,0.7422204473872244,199.0,10.0,0.7744140625
logiqa2,llama3-8b,playbook,all,simple,1,0.0,completa,300,20,33,134,113,0.0667,0.11,-0.0433,0.5567,0.5133,-0.0433,-0.0367,0.5133,0.5151,1.0,0.0,,292.0,103.0,0.09837064844049181
logiqa2,llama3-8b,playbook,all,simple,3,0.0,completa,300,23,35,132,110,0.0767,0.1167,-0.04,0.5567,0.5167,-0.04,-0.0333,0.5167,0.5167,3.0,0.0,,360.0,171.0,0.14800580076020603
logiqa2,llama3-8b,playbook,all,complex,1,0.0,completa,300,24,37,130,109,0.08,0.1233,-0.0433,0.5567,0.5133,-0.0433,-0.0367,0.5133,0.5151,1.0,0.0,,286.0,97.0,0.12373144253809215
logiqa2,llama3-8b,playbook,all,complex,3,0.0,completa,300,21,37,130,112,0.07,0.1233,-0.0533,0.5567,0.5033,-0.0533,-0.0467,0.5033,0.5033,3.0,0.0,,317.0,128.0,0.047940324071666984
logiqa2,llama3-8b,playbook,errors,simple,1,0.0,completa,300,20,33,134,113,0.0667,0.11,-0.0433,0.5567,0.5133,-0.0433,-0.0367,0.5133,0.5151,1.0,0.0,,292.0,103.0,0.09837064844049181
logiqa2,llama3-8b,playbook,errors,simple,3,0.0,completa,300,23,35,132,110,0.0767,0.1167,-0.04,0.5567,0.5167,-0.04,-0.0333,0.5167,0.5167,3.0,0.0,,360.0,171.0,0.14800580076020603
logiqa2,llama3-8b,playbook,errors,complex,1,0.0,completa,300,26,36,131,107,0.0867,0.12,-0.0333,0.5567,0.5233,-0.0333,-0.0267,0.5233,0.5251,1.0,0.0,,291.0,102.0,0.25285439418811073
logiqa2,llama3-8b,playbook,errors,complex,3,0.0,completa,300,21,32,135,112,0.07,0.1067,-0.0367,0.5567,0.52,-0.0367,-0.03,0.52,0.52,3.0,0.0,,336.0,147.0,0.16897782228771874
